,x
P60HippoRep6P2_GACTTGAAATGC,Astrocyte
P60HippoRep2P2_ACTGAAGAATTN,Astrocyte
P60HippoRep2P2_CCTTAGCCCTGG,Astrocyte
P60HippoRep5P3_GTCAAGGCGGGC,Astrocyte
P60HippoRep4P1_TACCTGTAATGT,Astrocyte
P60HippoRep4P3_GGGCATTGGGAA,Astrocyte
P60HippoRep5P2_GAGTAGAAGTAA,Astrocyte
P60HippoRep2P2_CATCAAGCTAGA,Astrocyte
P60HippoRep2P2_CACATCACTCAT,Astrocyte
P60HippoRep4P1_CTGGTCTTGAGT,Astrocyte
P60HippoRep4P2_CGCTCCAATCGT,Astrocyte
P60HippoRep2P2_ATGGTAGTAACT,Astrocyte
P60HippoRep3P2_GTCCTGGGCGTN,Astrocyte
P60HippoRep5P2_GGCCGCATCTGT,Astrocyte
P60HippoRep6P1_ATCACGCGCCAT,Astrocyte
P60HippoRep2P1_TGGATGTCGAAC,Astrocyte
P60HippoRep2P2_GTCTGGCCATGC,Astrocyte
P60HippoRep6P2_GGTAGCACCATA,Astrocyte
P60HippoRep3P3_ACCAGTAGAGTT,Astrocyte
P60HippoRep6P3_ATTTCTCCGAGT,Astrocyte
P60HippoRep5P3_GCCACCTCGTCT,Astrocyte
P60HippoRep3P1_ATTATACTTGCG,Astrocyte
P60HippoRep3P1_CGTCACTCTCGA,Astrocyte
P60HippoRep6P1_TCATACGAGGAT,Astrocyte
P60HippoRep3P1_GGCATAGAGGCA,Astrocyte
P60HippoRep3P3_ATCACTGCCACG,Astrocyte
P60HippoRep4P3_TATTAGATTTTG,Astrocyte
P60HippoRep1P2_TCACCCTCAAGC,Astrocyte
P60HippoRep4P1_ACTACCATCCGT,Astrocyte
P60HippoRep4P3_CTCCCCTTAATC,Astrocyte
P60HippoRep5P3_CAGCCACCCGGA,CA1
P60HippoRep4P2_GTCCGATGAAAA,CA1
P60HippoRep2P2_CGGTCGCGTGCA,CA1
P60HippoRep1P2_CGGTCCACCCAN,CA1
P60HippoRep2P1_TGTCTTTCTGGN,CA1
P60HippoRep3P3_GACTCCGTTGCG,CA1
P60HippoRep5P3_ATTGCTGAGGTA,CA1
P60HippoRep6P2_CTGAAGTTAGAG,CA1
P60HippoRep1P2_ACGCAGGCTGTC,CA1
P60HippoRep6P2_GGATTAGGTGGA,CA1
P60HippoRep4P2_CTCATGGATCAN,CA1
P60HippoRep2P2_CCATACGTGGTG,CA1
P60HippoRep2P2_CCATATTGACTC,CA1
P60HippoRep3P1_ACCTGATGCTCT,CA1
P60HippoRep3P3_CGAAGTCACTGA,CA1
P60HippoRep1P2_AACACCGTTAGA,CA1
P60HippoRep4P1_TGACCGCATAAC,CA1
P60HippoRep2P2_ATTGGACCGAAG,CA1
P60HippoRep4P1_GACCTTCCGACC,CA1
P60HippoRep2P2_CCACAATTATAC,CA1
P60HippoRep6P1_GCCTGGGACTCN,CA1
P60HippoRep2P1_TTCCAAAAACAT,CA1
P60HippoRep2P1_GACATTCGAAAG,CA1
P60HippoRep6P2_AGCGTACAGGCG,CA1
P60HippoRep4P2_AACTGTGATTCT,CA1
P60HippoRep5P3_ATTCCGTCGATC,CA1
P60HippoRep2P1_TGTAACAAACTC,CA1
P60HippoRep6P2_GCCTCCTGTGAG,CA1
P60HippoRep4P1_GACCCACCGCGG,CA1
P60HippoRep5P3_CACCTTAGACCA,CA1
P60HippoRep1P2_CGCCCGGTGGAA,CA3
P60HippoRep5P1_TCCCGTGCAACA,CA3
P60HippoRep4P3_CTTTCGCTCCTA,CA3
P60HippoRep5P1_TGACACGCGAGG,CA3
P60HippoRep4P3_TAAGGTTGCCGT,CA3
P60HippoRep2P2_ATGGTGCTTCTA,CA3
P60HippoRep5P1_TTGCCGACGGTC,CA3
P60HippoRep5P1_AAGGTTAACGTT,CA3
P60HippoRep3P2_ACGTTTGAGAAN,CA3
P60HippoRep2P1_GTGAGTAGGATA,CA3
P60HippoRep2P2_AAGGAACTACTA,CA3
P60HippoRep6P2_CGCTCAGGCTGT,CA3
P60HippoRep3P2_ACCCCCTTCTCC,CA3
P60HippoRep3P1_TAGGATCCTGAC,CA3
P60HippoRep5P2_CAAGAGAATCAC,CA3
P60HippoRep5P3_CCCAGAGAACGA,CA3
P60HippoRep3P3_TCTAGCGAGCGG,CA3
P60HippoRep4P2_TCCTGCGCAGTG,CA3
P60HippoRep6P3_TAAAGGCTTCAG,CA3
P60HippoRep6P3_CTTTATAGAACG,CA3
P60HippoRep5P3_CTCCCCTCTATN,CA3
P60HippoRep4P2_TTTAAGTATAGT,CA3
P60HippoRep1P2_CCTCTAAGAGAT,CA3
P60HippoRep3P1_TCGTCTTTCTGN,CA3
P60HippoRep6P3_GTTTCCGCGGTA,CA3
P60HippoRep4P3_AGAGCTTCCTCA,CA3
P60HippoRep3P3_CTTCTACGTTTN,CA3
P60HippoRep6P1_CCTAACCACGAN,CA3
P60HippoRep4P2_TGCAAAAGTTAG,CA3
P60HippoRep4P3_GCGCATCTACCN,CA3
P60HippoRep6P3_GTGGGATAGTGC,Cajal_Retzius
P60HippoRep3P2_AGTCAGCAGGTA,Cajal_Retzius
P60HippoRep6P2_CAACGAAGCCCG,Cajal_Retzius
P60HippoRep3P1_GACTCAGGCCCA,Cajal_Retzius
P60HippoRep2P1_CGCGTAAAACGG,Cajal_Retzius
P60HippoRep2P1_GCTTTGGTCCGC,Cajal_Retzius
P60HippoRep3P2_TGTGTTAGTTTC,Cajal_Retzius
P60HippoRep3P2_AGCATCTACTGA,Cajal_Retzius
P60HippoRep3P1_ATTATGTAGGTC,Cajal_Retzius
P60HippoRep3P2_GCCCATTAACAT,Cajal_Retzius
P60HippoRep3P2_GACGCTGAAGGG,Cajal_Retzius
P60HippoRep3P1_CCGCGCTGAGTA,Cajal_Retzius
P60HippoRep2P2_CCGGAGTGGAGC,Cajal_Retzius
P60HippoRep2P2_CGAGACTGCTAA,Cajal_Retzius
P60HippoRep1P2_AAACGCTGTGGA,Cajal_Retzius
P60HippoRep3P3_TTAATGAAGCCA,Cajal_Retzius
P60HippoRep5P1_TTGATGGTACAN,Cajal_Retzius
P60HippoRep4P3_GTTCTTGGGCAN,Cajal_Retzius
P60HippoRep6P3_ATTCGATTGGGA,Cajal_Retzius
P60HippoRep2P1_CAGATCCCCCCG,Cajal_Retzius
P60HippoRep4P3_GTTGTGAGGCTN,Cajal_Retzius
P60HippoRep3P2_ACAATATTGCCA,Cajal_Retzius
P60HippoRep3P2_CCAGAGGCTGCG,Cajal_Retzius
P60HippoRep4P3_GGTAGTAGAGCG,Cajal_Retzius
P60HippoRep4P1_CTAGCAGGGAGA,Cajal_Retzius
P60HippoRep2P2_TATGATATCCCC,Cajal_Retzius
P60HippoRep2P1_AGCTCTCTTCAC,Cajal_Retzius
P60HippoRep5P1_ACCGCTAGGGCG,Cajal_Retzius
P60HippoRep3P3_TTATTGAAGCTT,Cajal_Retzius
P60HippoRep3P3_CAGCCCGTTAAT,Cajal_Retzius
P60HippoRep3P3_AGACACAGGCAC,Choroid
P60HippoRep3P1_CGAGTTGGTCCC,Choroid
P60HippoRep3P3_ATAGGTTAGATA,Choroid
P60HippoRep5P1_GCTACTGTTGGG,Choroid
P60HippoRep3P3_GGACAAGAAGCG,Choroid
P60HippoRep3P2_TGCTATCCCGTT,Choroid
P60HippoRep3P3_TCCTCTGCAACG,Choroid
P60HippoRep3P2_ATAGAGTTACCA,Choroid
P60HippoRep3P2_TCCATCCTGATG,Choroid
P60HippoRep3P1_TCAAGGAGGTCA,Choroid
P60HippoRep1P1_GCTAGGAAGCTG,Choroid
P60HippoRep3P3_CATCTCTACGCA,Choroid
P60HippoRep3P1_TGTGGGTGTTAC,Choroid
P60HippoRep3P2_TGCAGATAACCG,Choroid
P60HippoRep3P1_ATCTACTAACTC,Choroid
P60HippoRep4P2_TGTGGTCACTTC,Choroid
P60HippoRep3P3_AAAAGGAACTCA,Choroid
P60HippoRep3P3_CTGTCACAGTCA,Choroid
P60HippoRep3P2_CGCCATGAATAT,Choroid
P60HippoRep3P2_ATGGAAGGTCCA,Choroid
P60HippoRep3P3_ATGGAGAACGCC,Choroid
P60HippoRep3P1_GTCAGCACGTGG,Choroid
P60HippoRep3P2_TACCCCTGCTCT,Choroid
P60HippoRep3P3_GGCCGATCGTAA,Choroid
P60HippoRep3P2_ATTCGTTATGCT,Choroid
P60HippoRep3P3_CCCTCTGGACTA,Choroid
P60HippoRep3P1_CATACGAGTGGA,Choroid
P60HippoRep3P3_CAATCCGCTGTG,Choroid
P60HippoRep5P3_ATAATCACTTTC,Choroid
P60HippoRep3P1_AGGGATGCCTCA,Choroid
P60HippoRep3P3_GTATGCTATAAT,Denate
P60HippoRep3P1_GTGGATTAGGCT,Denate
P60HippoRep5P2_AATCCTACTCAT,Denate
P60HippoRep1P2_GCCCATCGGCCA,Denate
P60HippoRep6P2_TATACGCCTCGA,Denate
P60HippoRep3P1_TGTCTGTGAGCA,Denate
P60HippoRep4P1_GCGGGTTCGGAC,Denate
P60HippoRep4P3_TTACAACCAGGT,Denate
P60HippoRep2P2_GGAGGAAGAACC,Denate
P60HippoRep4P1_AGTAACGGCTCC,Denate
P60HippoRep6P2_GTACGCCGAAAG,Denate
P60HippoRep4P1_TAAGTAAAGTTC,Denate
P60HippoRep5P3_TATGACTCTCTG,Denate
P60HippoRep5P2_TTGACCGGAAGC,Denate
P60HippoRep3P1_GTAAGCACCAAA,Denate
P60HippoRep5P3_TCCTGACTCACT,Denate
P60HippoRep3P3_ACCGAACTCATT,Denate
P60HippoRep6P1_TACGCCAGTTGG,Denate
P60HippoRep2P2_AGCAGTTTAGAT,Denate
P60HippoRep5P3_GTTCTTTTTTGN,Denate
P60HippoRep2P2_GTGCTGATCTTC,Denate
P60HippoRep3P2_GCAGTGTAGGCN,Denate
P60HippoRep5P3_CCGTTTTTCTTC,Denate
P60HippoRep4P1_GTATATTTCGGA,Denate
P60HippoRep5P1_GTCACTCGTGTC,Denate
P60HippoRep3P3_ACCTCGTGTTCA,Denate
P60HippoRep3P3_TTGACGTCGCTG,Denate
P60HippoRep3P2_CCCCTGGGTCAG,Denate
P60HippoRep5P3_CTAGTAACGTAT,Denate
P60HippoRep6P1_TCTACGGTGTGN,Denate
P60HippoRep1P2_CGTAACCGTGAT,Endothelial_Stalk
P60HippoRep4P2_AGTCGATTTGAC,Endothelial_Stalk
P60HippoRep4P1_GTTGATGTCTAN,Endothelial_Stalk
P60HippoRep1P1_CGGGTTAATATA,Endothelial_Stalk
P60HippoRep3P3_ATACCCTCCATG,Endothelial_Stalk
P60HippoRep2P1_TCTATCGTGAGT,Endothelial_Stalk
P60HippoRep6P1_TGGATACTTAAA,Endothelial_Stalk
P60HippoRep3P1_TGAGACACCGAN,Endothelial_Stalk
P60HippoRep4P1_ACGGGTGGGGAG,Endothelial_Stalk
P60HippoRep2P1_GCATACAGGGCC,Endothelial_Stalk
P60HippoRep1P1_GTATAACTCCAT,Endothelial_Stalk
P60HippoRep5P1_CGGGCCTGAGGG,Endothelial_Stalk
P60HippoRep2P1_CGCCCGTTTGAA,Endothelial_Stalk
P60HippoRep2P2_CAAATGTCGGCC,Endothelial_Stalk
P60HippoRep3P3_ATAGACGGGATG,Endothelial_Stalk
P60HippoRep2P2_GTGAAATCTCCG,Endothelial_Stalk
P60HippoRep5P3_GGAGTTGCCGAC,Endothelial_Stalk
P60HippoRep4P2_AATAATGCGTGA,Endothelial_Stalk
P60HippoRep4P1_ATTATGCCGCGG,Endothelial_Stalk
P60HippoRep4P3_GACCTATATACG,Endothelial_Stalk
P60HippoRep2P2_GCGAATTCGAGG,Endothelial_Stalk
P60HippoRep2P1_ATGGAAAGATAN,Endothelial_Stalk
P60HippoRep2P2_CTACAATTGAAA,Endothelial_Stalk
P60HippoRep4P2_TCATTCAAGAGC,Endothelial_Stalk
P60HippoRep4P1_TGCCCGTCGGCG,Endothelial_Stalk
P60HippoRep2P2_CTCCTCATGGTA,Endothelial_Stalk
P60HippoRep2P1_GTAATTCTTCCG,Endothelial_Stalk
P60HippoRep5P2_CAGGTAGCTTAN,Endothelial_Stalk
P60HippoRep3P1_CCACGAATCCGA,Endothelial_Stalk
P60HippoRep2P2_GCGTATATCTGC,Endothelial_Stalk
P60HippoRep6P3_GCGATGTTTCGT,Endothelial_Tip
P60HippoRep2P1_CGCAGATTTGTT,Endothelial_Tip
P60HippoRep2P2_CCTAGTTACCGC,Endothelial_Tip
P60HippoRep3P3_GACCGGCTGGAT,Endothelial_Tip
P60HippoRep6P3_GACAGGCAAGGA,Endothelial_Tip
P60HippoRep4P3_CTATAGGACTTG,Endothelial_Tip
P60HippoRep4P1_CTATAACTACCN,Endothelial_Tip
P60HippoRep3P1_CTCCCGTTACAT,Endothelial_Tip
P60HippoRep2P1_ACGATCACTAAG,Endothelial_Tip
P60HippoRep3P2_GACGGGATCACA,Endothelial_Tip
P60HippoRep3P2_GCCGCCAAGGTG,Endothelial_Tip
P60HippoRep4P3_CATTATAGTCAA,Endothelial_Tip
P60HippoRep2P1_ACCCGGGGAAGG,Endothelial_Tip
P60HippoRep3P1_CTTTCAAGTCGN,Endothelial_Tip
P60HippoRep5P1_CTGTGCAGTTTA,Endothelial_Tip
P60HippoRep3P3_CTCACTACGGTA,Endothelial_Tip
P60HippoRep3P1_TATAAAGCTACT,Endothelial_Tip
P60HippoRep3P1_GTGCTACCTGAA,Endothelial_Tip
P60HippoRep2P2_TTAAACCGGACC,Endothelial_Tip
P60HippoRep2P2_AGCTGCCCTAGT,Endothelial_Tip
P60HippoRep3P1_TCGCAACCGATT,Endothelial_Tip
P60HippoRep3P2_AGCTGATACTGT,Endothelial_Tip
P60HippoRep3P1_GCGGTCTAACGA,Endothelial_Tip
P60HippoRep4P2_CGTGTAAAGGGA,Endothelial_Tip
P60HippoRep3P3_GCGGTTATCTAA,Endothelial_Tip
P60HippoRep1P2_CCCATGCAGGTA,Endothelial_Tip
P60HippoRep3P3_CTGATAGGCTGT,Endothelial_Tip
P60HippoRep3P3_GCACCGCGCGCG,Endothelial_Tip
P60HippoRep5P2_GTATACTTTCAA,Endothelial_Tip
P60HippoRep2P2_TTGGGCCAAACG,Endothelial_Tip
P60HippoRep2P2_CATGCCACTGAC,Entorihinal
P60HippoRep5P3_TCCCAAATAAAG,Entorihinal
P60HippoRep6P2_TCTTCAGGCGGC,Entorihinal
P60HippoRep6P3_CGAACCCCCTCT,Entorihinal
P60HippoRep4P3_TTACAACTTGGT,Entorihinal
P60HippoRep3P2_TTTTAAATGGAG,Entorihinal
P60HippoRep4P2_CGCCCTCGGGAC,Entorihinal
P60HippoRep2P2_TTGTTGTGGGAC,Entorihinal
P60HippoRep5P1_AGCTGCCTTCTA,Entorihinal
P60HippoRep3P3_TAAAGTCACTTG,Entorihinal
P60HippoRep2P1_GTACGTACGAGT,Entorihinal
P60HippoRep6P2_GCTTGGCGCGTC,Entorihinal
P60HippoRep2P2_ATCTATATACTC,Entorihinal
P60HippoRep6P1_CAATCTTCGGAT,Entorihinal
P60HippoRep5P1_TCGCTACTAACA,Entorihinal
P60HippoRep4P1_CTTGAAATCACA,Entorihinal
P60HippoRep4P1_GTCTTCTTGGAA,Entorihinal
P60HippoRep2P2_CATTCGGTTAAG,Entorihinal
P60HippoRep2P2_ATCCGTGAAACT,Entorihinal
P60HippoRep5P3_CTGATCCCAGCT,Entorihinal
P60HippoRep5P2_ACACATAGGCCA,Entorihinal
P60HippoRep6P2_ACTCGCCAGCGA,Entorihinal
P60HippoRep2P1_GCGGGCAGTCTT,Entorihinal
P60HippoRep4P1_GTTCTTGCCATG,Entorihinal
P60HippoRep6P1_CCGCTACGGGGA,Entorihinal
P60HippoRep1P1_TAAGGACGCGCT,Entorihinal
P60HippoRep2P1_GCTCACCCACGA,Entorihinal
P60HippoRep3P1_CCTGGCGCCGAN,Entorihinal
P60HippoRep2P1_GTGATTTCCCAG,Entorihinal
P60HippoRep1P2_GTGCGTCCCTAT,Entorihinal
P60HippoRep3P2_GATGGTGATCTG,Ependymal
P60HippoRep1P2_GCATGCGTCGAC,Ependymal
P60HippoRep3P2_ACCTCGTAGCCC,Ependymal
P60HippoRep3P2_CATGAAAAATTT,Ependymal
P60HippoRep4P3_CCATGAAAAAAG,Ependymal
P60HippoRep2P1_TTCTCTATTGTG,Ependymal
P60HippoRep2P1_GTCCCTTGCCAA,Ependymal
P60HippoRep3P2_CCCCTTTTACTA,Ependymal
P60HippoRep4P1_CTTGCCGTTCCT,Ependymal
P60HippoRep5P2_GTGCTCCGGCAG,Ependymal
P60HippoRep4P3_GAGTGAGGTTGG,Ependymal
P60HippoRep4P1_TATCGACTGGCA,Ependymal
P60HippoRep5P2_CTTACAACTACA,Ependymal
P60HippoRep2P2_CCTCCCGAAGCC,Ependymal
P60HippoRep2P2_TCAGGCCTTCAT,Ependymal
P60HippoRep2P1_CAGGATCGCCCN,Ependymal
P60HippoRep5P3_CTGAACGACACN,Ependymal
P60HippoRep4P3_TATCGAAGTCCA,Ependymal
P60HippoRep4P3_GCGGCCTAGGAT,Ependymal
P60HippoRep4P1_AAGAGGGCTCCC,Ependymal
P60HippoRep4P3_CCTACGCTTTTA,Ependymal
P60HippoRep1P2_TCGAAGGCCACG,Ependymal
P60HippoRep5P1_TTCGCATATCTN,Ependymal
P60HippoRep3P3_TATGGCTGTGTG,Ependymal
P60HippoRep2P2_GTATAACCGCTA,Ependymal
P60HippoRep4P2_CGCGCGTGCTAN,Ependymal
P60HippoRep2P2_GTCGGACGTAAG,Ependymal
P60HippoRep2P2_GCCGTATGGTCN,Ependymal
P60HippoRep2P2_GTTTTTCCTGGN,Ependymal
P60HippoRep4P2_AGCGCTCCACCN,Ependymal
P60HippoRep1P2_TATAAGAAGTGC,Interneuron
P60HippoRep5P3_CTAGAAACCGGA,Interneuron
P60HippoRep2P1_TCGCTTTCCAAT,Interneuron
P60HippoRep3P2_TTCTCTCCTGGT,Interneuron
P60HippoRep3P2_GCGGTAAATACT,Interneuron
P60HippoRep5P1_CACTATTTTTGT,Interneuron
P60HippoRep4P2_CGCCCCCGCTCG,Interneuron
P60HippoRep3P1_GGTAGCTCAGTA,Interneuron
P60HippoRep4P3_AGTACCCAAAAT,Interneuron
P60HippoRep5P1_ATCACAGTTATT,Interneuron
P60HippoRep5P2_TAATTCGGATAN,Interneuron
P60HippoRep2P2_CCAAATATGGAG,Interneuron
P60HippoRep5P3_GAGGAATTGCTT,Interneuron
P60HippoRep5P2_GACCGCTTGAAA,Interneuron
P60HippoRep4P3_AGACTAAGCGAT,Interneuron
P60HippoRep1P1_TGGCCCGGTGCT,Interneuron
P60HippoRep2P1_TATCACCTGAGG,Interneuron
P60HippoRep4P2_ATGGGTAGGTCT,Interneuron
P60HippoRep4P2_ACATGTTATTAG,Interneuron
P60HippoRep1P1_CCAAGTAAGGCT,Interneuron
P60HippoRep1P2_TAGCGGTACGAA,Interneuron
P60HippoRep2P2_TATTTTCTAATA,Interneuron
P60HippoRep2P1_GTGCGATGCTAG,Interneuron
P60HippoRep3P1_GTCGCTGGAAAT,Interneuron
P60HippoRep3P1_TTCTGGCGTCGC,Interneuron
P60HippoRep2P1_TGAGTATGCTTA,Interneuron
P60HippoRep4P1_TTCGGAGAGGAC,Interneuron
P60HippoRep5P2_CAGCGGAACTCT,Interneuron
P60HippoRep4P2_GTAATTTCAATA,Interneuron
P60HippoRep3P3_GTAGAACGCCAA,Interneuron
P60HippoRep2P1_AAACTGCCCATT,Microglia_Macrophages
P60HippoRep2P2_GGGCCAGAATAC,Microglia_Macrophages
P60HippoRep2P1_CGTAGTGCAAGT,Microglia_Macrophages
P60HippoRep2P2_GTGATTGGCTGT,Microglia_Macrophages
P60HippoRep2P1_CGTGCGTGAGCA,Microglia_Macrophages
P60HippoRep2P1_GCACATCAGGCG,Microglia_Macrophages
P60HippoRep4P2_GAATGGCAAGTN,Microglia_Macrophages
P60HippoRep2P1_GTTTAAAGCGTG,Microglia_Macrophages
P60HippoRep1P2_CATCCCTGGCTC,Microglia_Macrophages
P60HippoRep4P2_GCTGCAGGCCCC,Microglia_Macrophages
P60HippoRep6P1_CGGCAAAAGGGT,Microglia_Macrophages
P60HippoRep2P1_CGGTCCATTGCG,Microglia_Macrophages
P60HippoRep5P3_CGAGCCGATTTA,Microglia_Macrophages
P60HippoRep2P2_TGTCGCTACGAA,Microglia_Macrophages
P60HippoRep5P1_CGTCCGCGTTAT,Microglia_Macrophages
P60HippoRep6P3_GCCTAATAGAGG,Microglia_Macrophages
P60HippoRep2P1_TATCAAAGATGN,Microglia_Macrophages
P60HippoRep5P1_CTCGATTCGGGG,Microglia_Macrophages
P60HippoRep4P3_TGGCGAGGATTG,Microglia_Macrophages
P60HippoRep2P1_CTTCTTATTTAT,Microglia_Macrophages
P60HippoRep2P1_CCCCATTAAGCT,Microglia_Macrophages
P60HippoRep2P2_CATATTGTATAG,Microglia_Macrophages
P60HippoRep2P1_ACGAGTAGCTCG,Microglia_Macrophages
P60HippoRep3P3_ATCTGGTCTACA,Microglia_Macrophages
P60HippoRep2P2_CGACCGGCAGAC,Microglia_Macrophages
P60HippoRep2P1_TCCCAGAGTCTT,Microglia_Macrophages
P60HippoRep2P1_TCATGGGCAGGA,Microglia_Macrophages
P60HippoRep4P3_AACGTCGAGTAC,Microglia_Macrophages
P60HippoRep6P3_CCGCACTGTCCT,Microglia_Macrophages
P60HippoRep2P1_AAATGACAAATG,Microglia_Macrophages
P60HippoRep2P1_TGGCCGAGAGTT,Mural
P60HippoRep3P1_TGTGGGATGATC,Mural
P60HippoRep5P1_CCTGAAATCCGN,Mural
P60HippoRep2P2_AGACGTCATAGT,Mural
P60HippoRep4P3_CGCCCTTAAAGC,Mural
P60HippoRep4P2_CCAGAAGGACTT,Mural
P60HippoRep2P2_AGCCAGAATTGG,Mural
P60HippoRep3P2_CCAATAAGCTGC,Mural
P60HippoRep1P2_AAGGCTAGCGCC,Mural
P60HippoRep4P3_AAGCTGGGTACG,Mural
P60HippoRep1P2_CGGTCAGCACGT,Mural
P60HippoRep1P2_TTTGGCAGCTAA,Mural
P60HippoRep2P2_GATGCTCGAGTA,Mural
P60HippoRep2P1_TGCATGTTGAGC,Mural
P60HippoRep2P2_ACAAATCGGAGC,Mural
P60HippoRep2P1_CGACACTTTCTC,Mural
P60HippoRep2P2_CTGTATCCTATG,Mural
P60HippoRep2P2_GCAGTGAGCAAC,Mural
P60HippoRep1P2_TCATTCGGCACT,Mural
P60HippoRep5P2_TCAGCCGTTCCT,Mural
P60HippoRep2P2_GCTGTGCCATGN,Mural
P60HippoRep4P1_GGTGTGGTTCGC,Mural
P60HippoRep2P1_GTAAACGGGATG,Mural
P60HippoRep3P1_GAGATAGACCCA,Mural
P60HippoRep4P1_GAAGCCTTTTGT,Mural
P60HippoRep5P2_GAGGTGAGTCTG,Mural
P60HippoRep3P2_CCGCCCGTATCC,Mural
P60HippoRep3P1_GATTAGGCTCTT,Mural
P60HippoRep3P1_GTATCTTCTGAN,Mural
P60HippoRep2P1_CTATAAATTGAA,Mural
P60HippoRep2P1_GAGCCCAGCTCC,Neurogenesis
P60HippoRep3P2_GTGCGGCTAAGG,Neurogenesis
P60HippoRep3P3_GCTACTTTAGCA,Neurogenesis
P60HippoRep4P3_GCCCGGGATCCA,Neurogenesis
P60HippoRep2P2_CCTAGCTAGAAG,Neurogenesis
P60HippoRep4P2_CGTTGATGTCTG,Neurogenesis
P60HippoRep5P2_TGCTCGGGTTAN,Neurogenesis
P60HippoRep2P1_TCCACACAAGTG,Neurogenesis
P60HippoRep3P3_GTCTACCGAGAG,Neurogenesis
P60HippoRep3P2_TACGGACGCCAG,Neurogenesis
P60HippoRep4P1_CTGTGCGGTTTG,Neurogenesis
P60HippoRep4P3_CATGCAACTAAA,Neurogenesis
P60HippoRep3P1_CATGAATCTTGG,Neurogenesis
P60HippoRep6P1_AGGTAGAAGGAN,Neurogenesis
P60HippoRep6P2_TTTAGGGACTTC,Neurogenesis
P60HippoRep1P2_ATCAGTGCGTCT,Neurogenesis
P60HippoRep4P3_GAAGGTTGGCAG,Neurogenesis
P60HippoRep3P3_GGTAGAAGGTTN,Neurogenesis
P60HippoRep4P2_ACCAAGCTGGTG,Neurogenesis
P60HippoRep3P1_CGACTGTACCCA,Neurogenesis
P60HippoRep4P3_TGTGCTCCATGA,Neurogenesis
P60HippoRep4P2_ACTGCGACATGA,Neurogenesis
P60HippoRep3P3_GGTTCGTGGGCN,Neurogenesis
P60HippoRep3P3_CGGCTTCGATGT,Neurogenesis
P60HippoRep3P1_GTCTAATTCCTT,Neurogenesis
P60HippoRep3P2_TGGTCCCCAAGC,Neurogenesis
P60HippoRep2P1_CCGGCACCCGTA,Neurogenesis
P60HippoRep4P1_CCGCTGATCAAG,Neurogenesis
P60HippoRep4P2_TCACTGTGTGAC,Neurogenesis
P60HippoRep2P2_CAAGGTGGCGGC,Neurogenesis
P60HippoRep6P3_CGATGATAGTTC,Neuron.Slc17a6
P60HippoRep2P1_ACGTTAAGGCTC,Neuron.Slc17a6
P60HippoRep4P1_GAAAAAAAACCT,Neuron.Slc17a6
P60HippoRep3P3_ATCCAACTAGTC,Neuron.Slc17a6
P60HippoRep2P1_TTGTGAGCTGTT,Neuron.Slc17a6
P60HippoRep2P2_ATACAACTGGGG,Neuron.Slc17a6
P60HippoRep2P1_CTTCTATGACTG,Neuron.Slc17a6
P60HippoRep6P3_CCGCTGGCTCTN,Neuron.Slc17a6
P60HippoRep1P2_CCAGAAGCGAGG,Neuron.Slc17a6
P60HippoRep2P2_CTAACACCATGN,Neuron.Slc17a6
P60HippoRep5P3_ATTATGATAACG,Neuron.Slc17a6
P60HippoRep5P2_CCCCTGTTAATT,Neuron.Slc17a6
P60HippoRep6P1_CCTTACTGTTAC,Neuron.Slc17a6
P60HippoRep1P2_CAAACTTCGTAC,Neuron.Slc17a6
P60HippoRep1P2_GATTGATTTCAC,Neuron.Slc17a6
P60HippoRep6P2_GAGTCCTGCACT,Neuron.Slc17a6
P60HippoRep3P1_GTGCGTTTTATA,Neuron.Slc17a6
P60HippoRep1P1_GTGCTGCCAAAG,Neuron.Slc17a6
P60HippoRep5P1_TTGCGAGCACGT,Neuron.Slc17a6
P60HippoRep6P1_TTTCCATCTGCC,Neuron.Slc17a6
P60HippoRep2P2_TTACGCGGGGTC,Neuron.Slc17a6
P60HippoRep2P1_CAACAACGTCAG,Neuron.Slc17a6
P60HippoRep3P2_GCAAGTCATAGT,Neuron.Slc17a6
P60HippoRep6P3_TTCTTGAAACGG,Neuron.Slc17a6
P60HippoRep6P2_ATCTAAAATGGC,Neuron.Slc17a6
P60HippoRep6P2_ACTATTATGAGT,Neuron.Slc17a6
P60HippoRep6P3_GGCTACGAGCAC,Neuron.Slc17a6
P60HippoRep1P1_GCCCGCTTATGT,Neuron.Slc17a6
P60HippoRep5P2_TCACCGGAGCCN,Neuron.Slc17a6
P60HippoRep6P2_CTACTGCTGAAG,Neuron.Slc17a6
P60HippoRep2P1_ATTCCCCACCTC,Oligodendrocyte
P60HippoRep4P1_GGTCCAATGCAC,Oligodendrocyte
P60HippoRep3P1_ACCGCCTGTGTG,Oligodendrocyte
P60HippoRep2P1_CCCGGTTGGGTC,Oligodendrocyte
P60HippoRep1P1_TAATACTAGTGT,Oligodendrocyte
P60HippoRep4P1_GTTAAGGTTCTC,Oligodendrocyte
P60HippoRep3P1_GCAATGTACTAN,Oligodendrocyte
P60HippoRep6P1_TTGAGAAGTAGC,Oligodendrocyte
P60HippoRep1P2_CGCCGCAGGTTG,Oligodendrocyte
P60HippoRep2P2_CAAGCAGAAGTT,Oligodendrocyte
P60HippoRep1P2_GAGGGTGCTATG,Oligodendrocyte
P60HippoRep1P2_TATGCGGTTGTG,Oligodendrocyte
P60HippoRep2P2_GACCAAGGAATC,Oligodendrocyte
P60HippoRep4P3_ACGAGACTATTA,Oligodendrocyte
P60HippoRep4P2_AAGTCTTCCATC,Oligodendrocyte
P60HippoRep5P3_TTGCCTGATGGA,Oligodendrocyte
P60HippoRep4P3_TTAGGCGCCGCT,Oligodendrocyte
P60HippoRep3P3_CCTCATGCAGTT,Oligodendrocyte
P60HippoRep2P2_CTCCTCTACCCG,Oligodendrocyte
P60HippoRep5P3_GTGGAGCAAGAC,Oligodendrocyte
P60HippoRep6P2_CCGGCAGATATC,Oligodendrocyte
P60HippoRep4P1_ATTTCGGACTGC,Oligodendrocyte
P60HippoRep2P2_TTGTATAGTTTC,Oligodendrocyte
P60HippoRep3P3_GCTTGGTAGGTG,Oligodendrocyte
P60HippoRep1P2_TAGAGTCGGTCA,Oligodendrocyte
P60HippoRep1P2_AAATCTGCAAAG,Oligodendrocyte
P60HippoRep4P1_CAGCAATACTCG,Oligodendrocyte
P60HippoRep2P1_AGTGTAGTCACC,Oligodendrocyte
P60HippoRep2P1_ATTCACCGGGCA,Oligodendrocyte
P60HippoRep2P2_TATTTCCCGACA,Oligodendrocyte
P60HippoRep2P1_AAGAGACTTTAT,Polydendrocyte
P60HippoRep4P2_TTTCACGTCCTC,Polydendrocyte
P60HippoRep2P1_TGCCCTTGAGTN,Polydendrocyte
P60HippoRep2P1_GCCCTGAGTAGC,Polydendrocyte
P60HippoRep2P1_CTTGCTCCGCTC,Polydendrocyte
P60HippoRep2P1_ACTGACGCCTAT,Polydendrocyte
P60HippoRep2P1_ACCGCCGTGCGA,Polydendrocyte
P60HippoRep4P1_CTATGAGACAAG,Polydendrocyte
P60HippoRep3P3_TCTCACGAATGC,Polydendrocyte
P60HippoRep3P1_AGCCTGGGTGAG,Polydendrocyte
P60HippoRep2P2_CAACCGCAGCGN,Polydendrocyte
P60HippoRep4P2_GGATTCCCCTTG,Polydendrocyte
P60HippoRep6P1_GAGGCTGGGCGA,Polydendrocyte
P60HippoRep1P2_GGCTCCATCCTC,Polydendrocyte
P60HippoRep4P1_GCAGTTTCCTTC,Polydendrocyte
P60HippoRep4P1_CCGGATTGAAGC,Polydendrocyte
P60HippoRep2P2_ATGATGCCAAGA,Polydendrocyte
P60HippoRep3P1_TGGCAGCCTATG,Polydendrocyte
P60HippoRep4P2_GCCCGTAACCAG,Polydendrocyte
P60HippoRep4P1_ATAGCCCACTGC,Polydendrocyte
P60HippoRep2P2_TAGGACGAGGCT,Polydendrocyte
P60HippoRep2P1_AATTCGAGTCCA,Polydendrocyte
P60HippoRep5P3_TTGTGGTAGGTC,Polydendrocyte
P60HippoRep2P1_CTTTGCGGGTCA,Polydendrocyte
P60HippoRep4P3_GGGTTCCCACGA,Polydendrocyte
P60HippoRep2P1_CTGATAGTGGCC,Polydendrocyte
P60HippoRep2P1_TACCGGCATCTG,Polydendrocyte
P60HippoRep2P1_TGCGAAAAGGTT,Polydendrocyte
P60HippoRep5P2_CGGTGCACGGCG,Polydendrocyte
P60HippoRep1P2_CAATTCTTTCAN,Polydendrocyte
CTCCGTACTTAN-1,activated
TAAGTAAAAGTT-1,activated
CAATTAGTAAGT-1,intermediate activated
ACAGGTCCGTGA-1,activated
TCCCATCAGTGA-1,activated
ATTCCGCTTCCA-1,activated
CAATTAAACGGC-1,activated
CCATCTCTCCTC-1,intermediate activated
CGTGCCTCCCAN-1,activated
TCCTTACTCCAG-1,activated
CTCTTGGAACCN-1,activated
CTCCTAATTAAT-1,activated
CCTCAGTAGTAA-1,activated
TCGTTAGCAACN-1,activated
ATTCCGGCTAAC-1,activated
TTTGCAATCCAC-1,activated
TACCTAGAGTTG-1,intermediate activated
TTCACGACCCTT-1,activated
GCGCGCCAAGAA-1,activated
CGGGTTAGAATC-1,activated
ACGATTTCTACG-1,activated
CCGGCAGCCGCN-1,activated
GATTTGGAATGN-1,activated
CCTATTCGACCC-1,activated
CGTTTTGCACGA-1,activated
GTGCGAGCCGTT-1,activated
GTGACTCAGCCG-1,activated
GAATAGCCACCT-1,activated
AAGAGTACAGGC-1,activated
CGGTGAATTTTG-1,activated
ACAAATTGTGTG-1,activated
AACCTACACGAC-1,intermediate activated
TACCTCAGCCTT-1,intermediate activated
GGTAAGGGGAAG-1,activated
AAAACGAGATTC-1,activated
GCAAGAGTCATA-1,activated
GTCCGTAGAATC-1,activated
GTGTGGCATACC-1,activated
ATCTCCACCATT-1,activated
TAACGTAGCTCA-1,activated
CTCTGTGGGTTG-1,activated
TCCTAACCCTCC-1,activated
GCGGCTCCGTCC-1,activated
GCCGGACTATGN-1,activated
AGCGTGAGTGGA-1,activated
GCTACCAATCCA-1,activated
TGCCATGCCAAC-1,activated
TCTACTGAAAGT-1,activated
TAAAGTGATGCA-1,activated
CCGGCAAGAAGT-1,activated
GTCAGCACCGCC-1,activated
GTGTCAACGCCN-1,activated
CGGATCCCATCA-1,intermediate activated
GGAGTCATATTA-1,activated
GCTGTTTGTTTG-1,activated
TGTAACATGTTG-1,activated
GATTACCGTCTC-1,activated
AAGCAAAAGACT-1,activated
GCGTAGAATTGC-1,activated
TGAGAGCCCCTC-1,activated
TGCTCCGTCCAG-1,activated
GCGTAAAATCTC-1,intermediate activated
TAGCACGTCAGT-1,activated
GGAGGCGCCCGT-1,activated
TGTAGGCCAACG-1,activated
GCCTATCCTTGG-1,activated
GGTTCGCGGGTG-1,activated
CCCAAGGCCTAT-1,activated
GTGAAAGCTCAC-1,activated
AATCTCGGGTCT-1,activated
TACCGCCCCGCT-1,activated
CTTTTTCCCCGA-1,intermediate activated
ACCCCAGTCAGG-1,activated
GGGATTCTTTTC-1,activated
AGTTCTCTATGA-1,activated
AGTAAGCACCCT-1,activated
GTTTTGGGAAGG-1,activated
ACCAGGCTCCGT-1,activated
AGAGCGTCACTG-1,activated
GCCATCGTGCGT-1,intermediate activated
GGAGGAGAATGA-1,activated
GGCCCCTAATCG-1,activated
CGCAGAATAAAG-1,activated
AAGTGGCCAGCT-1,intermediate activated
TCCATATCTTCA-1,activated
TTTAACACGTAC-1,activated
TGGTCGTCTCGA-1,activated
CTTAGCGCCTAG-1,activated
GCTAGGTCGTTA-1,activated
GAATCATTTAGA-1,activated
CTCGACTCATCA-1,activated
CCCACCCTCGGT-1,intermediate activated
GAACATTTTTCC-1,activated
GAGGACCCGTCT-1,activated
TAATTACGAAGN-1,activated
GAAGGCCTCAAG-1,activated
GTTCGACTGTCN-1,activated
GGCACGACCAAG-1,activated
CCGTCACCGAAC-1,activated
GTTACACGCCGA-1,activated
CAATAGCTTTTT-1,intermediate activated
AGTCCTGTCGCC-1,activated
TTAGCTCATCAG-1,activated
TCTCCACGCCGA-1,activated
CTGAAGTCACAT-1,activated
AGGCGACCTTTC-1,activated
CTCGCTTACTGC-1,activated
TGGCTCTGGCCC-1,activated
GTGCCAAGCCTN-1,activated
CGAACCTCTCTT-1,activated
GCTGCACGCGGC-1,activated
AGTTGTTAGTTG-1,activated
CATTCCGATAGA-1,activated
CGTCACACTTTC-1,activated
TGCGCCGGTTTA-1,activated
CCCGATTTCAGC-1,activated
CCCGAACGGCCG-1,activated
TCACGCTATATA-1,activated
TGTTATTGGTCA-1,activated
GTCGAATATTGG-1,activated
GTGCACAACGGC-1,activated
CCAGCTTGTATN-1,activated
GACAAATGTAAT-1,activated
CCCATGACTAGA-1,activated
GGGCCACTGCGC-1,activated
CTCACATATTCC-1,intermediate activated
CGTTCCAGGGTC-1,activated
GGGAGAGCCGTG-1,activated
CAGAGCTAGTCC-1,activated
CAGCTACCTCAG-1,intermediate activated
GACCTTAAAGGC-1,activated
GCGACGATGCAC-1,activated
AAGGCGGATGAA-1,activated
AAAATGATGACT-1,activated
CTATGTCGAGTA-1,activated
TGAACACATCCC-1,activated
CAGTCGGCGTTN-1,activated
GGTCCCGATGTG-1,activated
GATCCCCGAAAC-1,activated
CCGGATACCGCT-1,activated
CCTGAGTGGAGA-1,activated
TCCGGGATCCGT-1,activated
CGTAGATCGGTG-1,activated
GCCCTAACATTA-1,intermediate activated
AATGCACACCGN-1,activated
TCCCAGGCGTTN-1,activated
CCGCAAAGTATT-1,activated
GGTTACGTTTCA-1,activated
TAGGGACTTGCC-1,activated
GCTCAAATTTCT-1,activated
GATGTATCCACN-1,activated
CTACCTCGTCGT-1,activated
GTGAGCCCCTAC-1,activated
GATGATATCCAT-1,activated
AAGGTGAGATAA-1,activated
TTTGATAGTTGA-1,activated
AAACGATTTCAN-1,activated
GATCCTAACGTA-1,activated
GAACCTGAGGCA-1,activated
GAATAACACAGC-1,activated
GCATTTTCGGTN-1,activated
ATCACATCCAGG-1,activated
ATGAGCAGGCGT-1,activated
GAAAGCCCTCCN-1,activated
TCTGGCCTCCCG-1,activated
GCTCCAAGAAAN-1,activated
GTGCTTCTTTTG-1,activated
CAAAGATTAGTT-1,activated
TGCACGCAACCC-1,activated
GCCTAAAGAATT-1,activated
GGCAACATCCGA-1,activated
CATCGAATCTCA-1,activated
TTGAAAATTCCC-1,activated
GTCCCATCCTGG-1,activated
TCAACGTAAGTN-1,activated
ATGTGCCTATGG-1,activated
ATCGCGCATATN-1,activated
CTCGTGCAGGTT-1,activated
CTACGGCCCATN-1,activated
TCGAAACTCGTC-1,activated
ACGATCCGATTC-1,activated
AAGTCTTGGTTN-1,activated
CCCTGGCCCTTC-1,intermediate activated
GACAGGCCCACC-1,activated
AACATCCGCCCC-1,activated
CTCATCGTTCGG-1,activated
AGTCACGGTAAA-1,activated
AAGTAAGCAGCC-1,activated
CGAGTTTATCAG-1,activated
CCAGCCCTTAGT-1,activated
ACTGTGCCCTGA-1,activated
GTGCTTGAGCCA-1,activated
ACCGAGATGTTA-1,activated
GTTGCTATGTCG-1,intermediate activated
TACAGTTCGACA-1,activated
CCCCCGGACCGT-1,activated
GGTAACTCGTCG-1,activated
CCTTAGTGGTGT-1,activated
TTCATTGCTGCA-1,activated
CAGCACGTTGAT-1,activated
CACCCTGTACAT-1,activated
AGTGCGCGCGCC-1,activated
CCGCATCAACAT-1,activated
CAGGACAATAAG-1,activated
GGTTTGGGGTAC-1,activated
CCCAGTGTGCCT-1,activated
GGAGTTCGCATA-1,intermediate activated
CGCCTTTCGTGC-1,intermediate activated
CCGAGCGTCATC-1,activated
AAGCTCCCTGAT-1,activated
TGGCTAAGCGGA-1,activated
GCACAGCTCGCC-1,activated
CGTAATTCCATC-1,activated
CACTGAGATCAA-1,activated
CCGTCATATCCT-1,activated
CAATTCCTAGGT-1,activated
AAACGCCCTGTN-1,activated
TCTCCGTTTTTG-1,intermediate activated
CACAGTCGTGTT-1,activated
TGTCACCCCGAA-1,activated
TGAGCAGTTAGC-1,activated
ATGCGCAGTAGT-1,activated
TCCCAACCCCAG-1,activated
GTGGCGTACAAA-1,activated
AGGGTCACGCCC-1,activated
GCTAACTTCCTG-1,activated
TCGCCCCAGACG-1,activated
TGTTGTAAACCG-1,activated
TACGGGAATAGT-1,activated
ATATTCCCCACN-1,activated
CAGACACCTTGG-1,activated
GCGAGTTGTTGG-1,activated
GAATCGCTATAG-1,activated
CACAGGCGCTCG-1,activated
CATTGGCTTAGT-1,activated
CTGACGTAGACA-1,activated
GAGAAACGGTTA-1,activated
TTAACGTCAACN-1,activated
GGTTTGCTGGCA-1,activated
GGCTCCCGTTAG-1,activated
TCGTACAGCCGA-1,activated
AGGTAATAGGAN-1,activated
TGAGCGTAAGTT-1,activated
AATCGACTGACC-1,activated
GTCGTGCGTGCT-1,activated
ACCGGCTGGCTT-1,activated
CTCCTCGCACTC-1,intermediate activated
CACAGACCACAG-1,activated
GCCTGGCCGTAT-1,activated
ACAGATCAGTTC-1,intermediate activated
GGTTATCAGAGG-1,activated
GGTTCTTCGGCT-1,activated
GTCGGATCGCTA-1,activated
CCGCTGAGGATN-1,activated
CCCCGTTAGTAC-1,activated
TCTTTTAACACT-1,activated
TAACCGTTTTGT-1,activated
TATCAGGACGGT-1,activated
CCAGACTATGTC-1,activated
TAACGGTTCGAG-1,activated
GGGCTTTATACT-1,intermediate activated
GCTCCCGTTAGA-1,activated
CCTACTCGATAA-1,activated
TCGTTAGCAAGC-1,activated
CGTAATCAACGT-1,intermediate activated
GAGCTGGCCCCC-1,activated
GCTCATCGCCTC-1,activated
AACCTCCAAGCA-1,activated
CCCCTCTTATAG-1,activated
GTTTGTCGACTC-1,activated
CATGGACACCCG-1,activated
TCCAACGACGTG-1,activated
TAGTCCTCCGTA-1,activated
TCATCGCAGTGT-1,activated
AGTTAGTCTTGT-1,activated
AATTCGTCCTAG-1,activated
CAGTTTTGCAAT-1,activated
CCTTATTGTTAC-1,activated
GTAGAGTGTAGG-1,activated
TTTATCGCGAAC-1,intermediate activated
CCACTAAGTCAT-1,activated
TGAGCGGTTAGG-1,activated
GCCAATGACACG-1,activated
GGAGGATTTTAC-1,activated
AGAAGGTACATT-1,activated
TACTCGCCCAAT-1,activated
GTGTCTATATTG-1,activated
CTTCCAGTTTGA-1,activated
CGACATGTCGTC-1,intermediate activated
GGTCTTATGCAN-1,activated
TCCCGCAGCTCG-1,activated
GGTTTGCTCCCC-1,activated
CCTTATAGGGCA-1,activated
TCAGCTCGTTTT-1,activated
TCATCGCGCCTG-1,intermediate activated
TATCTATAGCCC-1,activated
TATAACTCGCGA-1,activated
ATTGACTACCGN-1,activated
CACCGCCCGACC-1,activated
CCAAATGTAGTC-1,intermediate activated
ACTACGAGGAGT-1,activated
GCAGGGGCTCTC-1,activated
CCTCACCGCCTC-1,intermediate activated
CCGTGCTGCCAA-1,activated
GTGTTGCCACGA-1,activated
TTCCTTGGAATT-1,intermediate activated
TGGGGTTGACGG-1,activated
CGTGCTTAGGTA-1,activated
CTTTGTCCTGGT-1,activated
AGCCTCAGTCTC-1,activated
AGTAGGTCAATA-1,activated
GTTAAACTACAC-1,intermediate activated
GGGTTCGACAAT-1,activated
AGTCGTCCCTTA-1,activated
GGTATCGTCCCT-1,activated
AAATCCAGGGGA-1,activated
ATACCCGGCATG-1,activated
CACGTGGGAGAC-1,activated
CAATTGAAGAGN-1,activated
CACTCCACTTCA-1,homeostatic
TGCCCACTACTC-1,activated
TCAGTTCAGGCG-1,activated
ACGCATAAGTCT-1,activated
GTCTAGTCACAA-1,activated
ACCCGGTTCGTG-1,activated
CAAACCTATTCA-1,activated
AATACATTCGTA-1,activated
GGCAGTGAAGGC-1,activated
ACAAACCGCGAA-1,activated
CATGGGACATCG-1,activated
TTTCGCTTCACC-1,activated
AGCGTCTTTATT-1,activated
ACACACCACTTN-1,activated
CAGCCCCGAGAT-1,activated
TTTCTGGCTGCC-1,activated
ATCGAATCTAAT-1,activated
GCCGCAGTATTG-1,activated
ATAACTACCTGN-1,activated
GCTCATTCAGTG-1,activated
TCTTAAGCAGCN-1,intermediate activated
TAAGCACATTAC-1,activated
GTCATTGAAAAT-1,activated
CAATCTTAGATG-1,activated
GAAGATCACCTG-1,activated
AGCTAGAGCGCT-1,activated
CGAGGCGGGTTT-1,activated
GGTGAAAATCGG-1,activated
GCGCAACGTTAC-1,activated
CTTTCTTCCGCG-1,activated
GTGAACGTCCTC-1,activated
TCCAAATCCCCC-1,activated
GACAGCAGGTTG-1,activated
TTACAGGGAGCN-1,activated
GCAAGTCGTTTA-1,activated
CCGTGGTTTGTC-1,activated
CTCCACCAAGTA-1,activated
AACGTCCATCAA-1,activated
ACAGTAGGTCCA-1,activated
GTTCTCCTCCAT-1,activated
ATTAGAGTGGGG-1,activated
CGCCATACCCGA-1,activated
TTCACCCAGCCN-1,activated
AAGAGTACGGAC-1,activated
AAAATTTTCACC-1,activated
CTTGCAGTTAAT-1,activated
CAGCGATGATGG-1,activated
ACCCGTTGCGGN-1,activated
GGTGAACAGGAG-1,activated
AGACTGTATAGG-1,activated
TCGCTCGAACCT-1,activated
CACGCTTAACTG-1,activated
GATCTTTACACG-1,activated
CGCACGGTTAGA-1,activated
CTTGCCGACCTT-1,activated
GCTGGACATCTA-1,activated
GAACTGAACTGC-1,activated
AGGTCCTGCCGA-1,intermediate activated
CTAGGGATTACA-1,activated
GCCCAGGGTCTA-1,activated
AAAGACCGCGGN-1,activated
GTCGCCGACCCT-1,activated
TGAGCAAGCTTC-1,activated
CCAGCTAGCCCA-1,activated
CTTTGATCCCCT-1,activated
GTAAAGCACCAC-1,activated
ACGAAGAACTAA-1,activated
TTCCTGAACCGC-1,activated
GCAGCTGCCAGA-1,activated
TGTCTGCCCAAC-1,activated
CCCGGATCCCGG-1,activated
AAGGCCACGCCA-1,activated
GACCTTCCACAA-1,activated
GTTGCAACTAGT-1,activated
CTTGAGTTTGGA-1,activated
GAGAGTAGTTTT-1,intermediate activated
GGCAATACGAAG-1,activated
ATCCGGCCACGA-1,activated
CCGTACGCGTAG-1,activated
GAACATGGCAAN-1,activated
CGTAAAGTACAG-1,activated
TGAAGGTCATTT-1,activated
GGAAGGTGATGC-1,activated
GGCAGCCCGCAA-1,activated
ACGCGCATATAN-1,activated
CCGATTGTAGAA-1,activated
TTCACTTGCCGN-1,activated
TACAGTCGGCGC-1,activated
CGAGGCTTGCGT-1,activated
CGGTGTAGTGAC-1,activated
GCTGAGGGGCGG-1,activated
GGACAAATGAAN-1,activated
AATGTACCGATA-1,activated
CAGGTTGGATCG-1,activated
AGGAGGCTTCAT-1,activated
AGGGTCTCTTCA-1,activated
GAATAACACACN-1,activated
ACCCTAGCTACA-1,activated
GGCTGTTGTTCT-1,activated
AGATTATAACTG-1,activated
GCCCTGTTCTAA-1,activated
GCCATGTCACAA-1,activated
TAGACTATGAGT-1,activated
CTTTATATATGC-1,intermediate activated
CCTAATGAAACT-1,activated
TCAGCAAAGATN-1,activated
ACCCGAAGTAGA-1,activated
GTTCCAGGCGCC-1,activated
GTCGGTCTATTT-1,activated
CCCGTGCAAGTA-1,activated
ACCAGTACCCGC-1,activated
TATCTTGGGTTA-1,intermediate activated
GTCAAAGGTAGC-1,activated
GTTCCGGGTACC-1,activated
CTCTTCCATGAT-1,activated
CACCCCGTTCAC-1,activated
TTCCGCTGTATN-1,activated
AAGTCGCCAGGN-1,activated
ACAGCCTTTACG-1,activated
TTACTATTCCAT-1,activated
TAGATGTAGGAC-1,activated
ACCGACGGTTCA-1,activated
AGTTTGTTTTAG-1,activated
AAAGCACGTTTG-1,activated
GACTAATCTGGA-1,activated
GTGCCATAGTGA-1,activated
CGTAGGGCCTAT-1,activated
CGTCAATAGAGG-1,intermediate activated
AGCCGCGATGCA-1,activated
TCATCCCGGACN-1,activated
ACTTTTCCATAC-1,activated
TGTTGCAGCCCA-1,intermediate activated
TTTTTTCCGCTG-1,activated
ATTTCTAGAATC-1,activated
GCGCGCAGAAAT-1,activated
CAAGTTTAAGAT-1,activated
CCGACCACGACG-1,activated
CGCAAACGGAGG-1,activated
ATAGCAGGCACC-1,activated
CGCCCACTCAAC-1,activated
TTTGGGAGTCGN-1,activated
AGGAGTGGAACA-1,activated
ATACCACCCTAC-1,activated
AAGCAAGCACGG-1,activated
CCATCGAAAACC-1,activated
TACGAACCTATA-1,activated
TGCGGTCCGATC-1,activated
ATCTCAATTAGT-1,activated
GCTATTAAAGCG-1,activated
AGTTACTCTAGC-1,activated
GAATTTAGAACA-1,activated
TAATACTTGATT-1,activated
ATATGGTCGTGG-1,activated
ACTTGCGCTCTG-1,activated
AGATAATTCACN-1,activated
GCGATCAGGGTG-1,activated
TGTCTGCAAGTG-1,activated
AGCGTTGATCTT-1,activated
GGAGCCCCCCTC-1,activated
GCAGAAGCCATC-1,activated
CTTTATAGTAAA-1,activated
ACTTGCATCATG-1,activated
TCACAATACAAC-1,activated
TAAACTGACCTN-1,activated
AGATCGTATTGC-1,activated
GACCGTTCGCGT-1,activated
GGCGCACGGCTG-1,intermediate activated
AGGCTCCTACCT-1,activated
AGCAGAAGTGTC-1,activated
ATGGGAGAGCAA-1,activated
CCGACCTGAACN-1,activated
GGTGGATCTTAC-1,activated
GGCCATGCTGTN-1,activated
TCACCCTTTGCN-1,activated
GGCCGAGAGTGG-1,activated
GATGTATCCACC-1,activated
ACCCGTCATCAN-1,activated
GTTCACCTTATG-1,activated
TAATGTAGGCAT-1,activated
TGGCGGAGATGT-1,activated
CGTCCAGCACGC-1,intermediate activated
TAACGAGAGCTC-1,activated
AGTCGGGTGGCA-1,activated
CATATCTAGGGT-1,activated
GAATGAATGCGT-1,activated
CGCCGTGAGCGC-1,activated
CGATGTAATATT-1,activated
AGCATCTATATC-1,activated
ATACGTAGCACG-1,activated
ACCCGTCTATGG-1,activated
CTTTGGATCACC-1,intermediate activated
AAGGCAACTATG-1,activated
CACAATCACGCT-1,activated
GCTGGCGAACCA-1,activated
GGGTAGAAGGCG-1,activated
CCAATGACAACA-1,intermediate activated
AGACTGTATAGN-1,activated
GTGAGCTCATAA-1,activated
AACTTTTCACAT-1,activated
GTTAAAGATACA-1,activated
ATAGGGAGATCT-1,activated
ACCTTGCACAAT-1,activated
GCCCGAATAGCG-1,activated
AAGAAGCTACTN-1,activated
AAATCTCCTGTT-1,activated
AGTTAGCGTGAA-1,activated
GTACCCCCTGGC-1,activated
AACGGTTCCTTG-1,activated
CCAGTGTTGGAA-1,activated
GCGGAGCAAGGA-1,activated
AACTGTTACGCC-1,activated
ACATTGCTATTT-1,activated
CCCGTGTGGATG-1,activated
TACCGAACCGAT-1,activated
TGAGGCCTACTT-1,activated
AGTCGAGTGCGC-1,activated
ATTTACTTGTCN-1,activated
TGCGCCGATGAC-1,activated
GCGAATCGGCGA-1,activated
TTTATCATCTAT-1,activated
TAAGATATAGCN-1,activated
CAGTCTGATATG-1,activated
GGTCAGACACCN-1,activated
GTCTTGACCGTT-1,activated
CCGACGTGGCGC-1,activated
GTACGCGCGTCC-1,activated
CCCACGGTCTTN-1,activated
TCAGGTCAGGCT-1,activated
CGGGTGGGATTT-1,activated
AGAGCCTCCTAN-1,activated
TAGCGCCCGGGG-1,activated
GCGGCCTTTTAG-1,activated
CATTACATTGCC-1,activated
ATCCGTTAGCAG-1,activated
GAATGGTCAAAN-1,activated
CTTGTGCGCCGA-1,activated
AGGCCACAGTTC-1,activated
ATGGAAATTATN-1,activated
GTAAATTCCAGT-1,activated
AAAATGCCCTTC-1,activated
CTTCCCACGTTN-1,intermediate activated
ACGGGCCGTGTT-1,activated
AGCAGGCCGTCT-1,activated
TTACCACCAAGA-1,intermediate activated
AGTAGAGCTTTT-1,activated
CGGTCGCCTCGT-1,activated
GCTGAGCGCCTC-1,activated
CGTTTATTTTAG-1,activated
TTGGAAAAGTTA-1,activated
AGTTCACCTTTA-1,activated
GGCTATCCATTA-1,activated
AACGGGAGGCGG-1,activated
CCAACGCAACCA-1,intermediate activated
GAGGTTAAACTG-1,activated
TAGGCAACTCTT-1,activated
GTGATTTCGATA-1,intermediate activated
AGCGTGGCTCTT-1,activated
GGCCCGGACCTN-1,activated
AACACCGAGTCT-1,activated
CGTACGGGTTCA-1,activated
TGGTATCCTGCC-1,activated
CTGATAGCTAAC-1,intermediate activated
ATTGTCTCGCAA-1,activated
CATCTATAAGCA-1,activated
ACAAGGCTTCGN-1,activated
ATTTACAACAGA-1,activated
CGGTTTCTTTGC-1,activated
AACCCTCTAACN-1,intermediate activated
CCGGTTTAGTGA-1,activated
TTACTGCAGGCC-1,activated
AATTATTCATAA-1,activated
AGACAGAGGTGT-1,activated
AACTTTAATAGN-1,activated
TTTAAGTCGACT-1,activated
TAGTCATGACGG-1,activated
TCATTCTGGTTT-1,activated
AACTAGAATGGC-1,activated
GAGGCCCGTGAN-1,activated
ACCCGAGGCTTC-1,activated
ACCCACGGCCTA-1,activated
TCCCGCTGCTTG-1,activated
TATCACTCTAGG-1,activated
CGGACCTCAGCG-1,activated
GAGTTCTAGCAG-1,activated
TGACCATAGCCC-1,activated
TTTTGCAGCCCC-1,activated
GTTAGCTACCCN-1,activated
GAAGCTCTATCT-1,activated
CAAACCGCCCGG-1,activated
GGTGGCACTATC-1,activated
ACTTGCTAGTGG-1,activated
TCACACCGCGCC-1,activated
CAGCATACGACN-1,intermediate activated
TGGTTCAACCCT-1,intermediate activated
TCCATGAGACCA-1,activated
TGGGCCCTCTAA-1,activated
TGTCTTATTTCT-1,activated
GGACGCGTATTA-1,intermediate activated
TATAGACAATCN-1,activated
ATACCCTAATGA-1,activated
TTTGTAATTGTC-1,activated
ACGCAATTGCCA-1,intermediate activated
CCCCCTCGGTGC-1,activated
CAATAGCATAAC-1,activated
AAGCCCATACTN-1,activated
AGTAAACTTACT-1,activated
ATAAGCGTCCCA-1,activated
TTACATAAGACA-1,intermediate activated
CCTCTTCGAGTG-1,activated
AGGCCTAGTTCT-1,activated
ACAGATCCGGTC-1,activated
ATAAAGTCGCCA-1,activated
TACATTTGTTCA-1,activated
TTAATTATAATC-1,activated
TGAACTATTACA-1,activated
ATATCCACTCCA-1,activated
TCTTTGTACATN-1,activated
AGCGTATAGTTT-1,activated
CTTATGAGATTG-1,activated
TAAATATTTTCT-1,activated
TGCGGCTGTGTG-1,activated
TATAAACCATGA-1,activated
TTATGATACAGN-1,activated
ATTTGAACAACC-1,intermediate activated
TTACATGCATTA-1,intermediate activated
AAAGTAGATATG-1,activated
TCTTTTGGACCC-1,activated
AACCCCGCCTTC-1,intermediate activated
GCCAGATGTCTT-1,activated
GGTCGCCATGAG-1,activated
GGCGAAGAACTC-1,activated
GTTCTCACACGT-1,activated
GGCTATTGACAC-1,activated
GTCGCCTTGTAT-1,activated
GAAGCCGAGCCA-1,activated
GGTCTTACTGTT-1,activated
