,leiden
CCCCAAACACCG-0,homeostatic
TTAACGGTCTGT-0,homeostatic
CTCAAGATACAG-0,homeostatic
GCTCTTAATATN-0,homeostatic
TGATGTTTGACT-0,homeostatic
GACGTAAATTCT-0,homeostatic
TCAGGCAATACA-0,homeostatic
GATGCCCCCGAA-0,homeostatic
TCCGCTGTTCTT-0,homeostatic
TTCGTTCGGAAC-0,homeostatic
GCCGGGTGATTN-0,intermediate activated
CCAGTCGTCTGG-0,homeostatic
TTGACGATTAAA-0,homeostatic
GGGTAGCTTGTT-0,homeostatic
TCCCGCAGCTAN-0,homeostatic
AATAAGGTTGAG-0,homeostatic
CGGTTTAGATAG-0,homeostatic
ATTTAGATCCAT-0,homeostatic
ACGCGCTGTCAN-0,homeostatic
CCCACGTCCCGT-0,homeostatic
CGACCTAGTACA-0,homeostatic
TGAATCCTCATG-0,homeostatic
ATCCGCTACGTA-0,homeostatic
GTAAGGGCAATC-0,homeostatic
CCAGCTGTACGT-0,homeostatic
CTTAGAATGGCC-0,homeostatic
GCCTTCATCGTG-0,homeostatic
AAGCGTCGCTCC-0,homeostatic
CTAACATGCCAT-0,homeostatic
AGCTTGTCTTCC-0,homeostatic
ACGACCAGGCCC-0,homeostatic
CGTACCAAGCAT-0,homeostatic
CCCCCTACCATA-0,homeostatic
GTCCCATGCCGT-0,homeostatic
TGGTTAAATAAG-0,homeostatic
GACTAGTTTACA-0,homeostatic
GGGTGACCGCAA-0,homeostatic
GCGCTGAGATTA-0,homeostatic
TTGTAAGTCTGC-0,homeostatic
CTTAACATAGCC-0,homeostatic
CACCCGTTTTGG-0,homeostatic
GACATCATACTG-0,homeostatic
CACAACCGATAA-0,homeostatic
ACTGAACGTTTC-0,homeostatic
TGACGGTTTATA-0,homeostatic
GCCAAGCCCTGA-0,homeostatic
CATTGCCCTGCG-0,homeostatic
TTCGCCTAAAGC-0,homeostatic
GGCAGCCAACTG-0,homeostatic
TATTCACCGAAA-0,homeostatic
CTCATCACTGTC-0,homeostatic
CCACTTAGCTAA-0,homeostatic
GACGGTTTAATT-0,homeostatic
GGACAGTCACAC-0,homeostatic
GCCGATTGGTCG-0,homeostatic
CGGACCGTGTCC-0,homeostatic
GGCTCCCTCAAT-0,homeostatic
CGAGACATAGGA-0,homeostatic
GCGATTACCCAG-0,homeostatic
ACACATCGCGCN-0,homeostatic
TATTCCAGTGCT-0,homeostatic
TACATGGTCTTC-0,homeostatic
TTGCCCATACCA-0,homeostatic
CGTCACGATCTA-0,homeostatic
GGTTCGCTGGGT-0,homeostatic
CATCGTGCCCTC-0,homeostatic
GACAGTAGTCGC-0,homeostatic
CCTATAGTGTCC-0,homeostatic
TTCCCAGCATCC-0,homeostatic
AACCCACCGCCA-0,homeostatic
TTGAAGTCTGCN-0,homeostatic
GCGGTTCTTTTT-0,homeostatic
CATCCCCAGAGG-0,homeostatic
GAGCGGACGCCN-0,homeostatic
GGAGTGCCGGAG-0,homeostatic
CGACATCGATGC-0,homeostatic
GAAGCGTTTAGA-0,homeostatic
AGGGCAAAGCAA-0,homeostatic
AGAGGACCACTA-0,homeostatic
CCACAATTATTN-0,homeostatic
CCGAGACGACTA-0,homeostatic
CCGACCAGGTCC-0,homeostatic
GCCGCGAGTGTC-0,homeostatic
CTAAAACTTTCC-0,homeostatic
AGTGACGGACTC-0,homeostatic
CAGGGTATTCTT-0,homeostatic
CTCAACCTTACC-0,homeostatic
GCTATCGTTAGC-0,homeostatic
GTGCCATGATAA-0,homeostatic
TGTTGGTAGTCG-0,homeostatic
CAAACAGCTTTG-0,homeostatic
CAAGCAAGCCCT-0,homeostatic
GTCTGTATCCGC-0,homeostatic
AGTCCCCCTGAN-0,homeostatic
GAGACTGCCGGT-0,homeostatic
TCGTGCGTACAT-0,homeostatic
ACACCAAGCATC-0,homeostatic
AAACCGTCACGT-0,homeostatic
CTGGTAGCCAGA-0,homeostatic
GATTGGGGTACC-0,homeostatic
CCGGGCAGGATG-0,homeostatic
CAGAGTGACGCA-0,homeostatic
ACACCCTGTGGN-0,homeostatic
ACGCCACGACTG-0,homeostatic
ACTGGCTCGATT-0,homeostatic
CGTTAGGGGTAA-0,homeostatic
GGCTACGCGTCA-0,homeostatic
AGTGCTATATGC-0,homeostatic
TCTCACTACCTN-0,homeostatic
ACGAATTTCAGC-0,homeostatic
GCGTCCGCCCAC-0,homeostatic
AGTCCTTTCCGA-0,homeostatic
ACCACGCTACTN-0,homeostatic
GCCTATCCGCTC-0,homeostatic
TGTCAGCGGCTG-0,homeostatic
GACCGCTAGAAT-0,homeostatic
ACTTCGCAATAC-0,homeostatic
CACATGAACGCT-0,homeostatic
CATTCGATTCAA-0,homeostatic
GGTGCGAGTTAT-0,homeostatic
AGTTAGATCTTT-0,homeostatic
CAGGGTCTGCAT-0,homeostatic
ATCCCAAGATTA-0,homeostatic
CTTACGTGACTG-0,homeostatic
TGCGAACGAAGT-0,homeostatic
CGTCTCTGAACC-0,homeostatic
GCGGCGTTGTAT-0,intermediate activated
AGGAGGATAGCN-0,homeostatic
GAGTAAATCGCC-0,intermediate activated
ACAAGAACGATT-0,homeostatic
TCCGCTGTGTTT-0,homeostatic
GTTTTAGAGTGN-0,homeostatic
CTGAATAGATAT-0,homeostatic
CCTTCGAACACG-0,homeostatic
CGCCGTACGCCT-0,homeostatic
CACGTTCTTGTA-0,homeostatic
ACAATAATGGGA-0,homeostatic
GAGGATCTCCAA-0,homeostatic
GGTTAGACCCGG-0,homeostatic
CCGAAATTGCAN-0,homeostatic
CTCCGGTGTGTC-0,intermediate activated
TACGCCTGAGTC-0,homeostatic
CATCATTAAGAT-0,homeostatic
CCGAGAGTATGN-0,homeostatic
GCGGGGCACGAC-0,homeostatic
CGGAACTATGGC-0,homeostatic
TATAAGCCCACG-0,homeostatic
TACTAAAAGCCC-0,homeostatic
TCCCGGTGAGAG-0,intermediate activated
AACCATGATAAC-0,homeostatic
CTCCAGACCTGC-0,homeostatic
TATATGCGTAGT-0,homeostatic
TTAGGGACTCTT-0,homeostatic
CTTTCCAGATCC-0,homeostatic
CTTCGGCTGACT-0,homeostatic
TCGACGTGTACN-0,homeostatic
CGCGTTTATCCC-0,homeostatic
ACTCCGCCACGN-0,homeostatic
GAACCCACCCAT-0,homeostatic
AGTAACTTACGC-0,homeostatic
CTTCAGTCGGAC-0,homeostatic
TTGTTCCAGAGA-0,homeostatic
CAATGCTTAACC-0,intermediate activated
GTCATTATTAAN-0,homeostatic
TGACGTCCCTAC-0,homeostatic
CCGCAAGTATAA-0,homeostatic
CGAGCCATGCGT-0,homeostatic
CTCGTAATATGC-0,homeostatic
GAATGGGCCACT-0,homeostatic
GACACAATCTGA-0,homeostatic
AGGAGCTTCCCG-0,homeostatic
GGCCTACTATCA-0,homeostatic
TTATGTCTCGCT-0,homeostatic
TTCACCTGCTCC-0,homeostatic
ACTTTGTTGTCA-0,homeostatic
ATTCCACGATCT-0,homeostatic
CCAGAGCGGACC-0,homeostatic
GAACCCATAGCG-0,homeostatic
CACCGCCTAAAN-0,homeostatic
ATACTCGGATGC-0,homeostatic
CATAATAACTTG-0,homeostatic
CCTAGGTCCCAG-0,homeostatic
CAGGCTACTGGC-0,homeostatic
GGACCCTCTGGC-0,homeostatic
CAATATACACAG-0,homeostatic
TCCAGTCAGTAT-0,intermediate activated
TTCTGCGCAACA-0,homeostatic
GCAGGTTTGCAT-0,activated
CGGTCAATCACC-0,homeostatic
CCCGGTAGCGGT-0,homeostatic
GCGTCGATTCTT-0,homeostatic
TTGCCTCCGCAC-0,homeostatic
CCACGGAATGGT-0,homeostatic
GAGGCCTTCAGC-0,homeostatic
CCGGAATACTGT-0,homeostatic
CCGAAAGGTTCN-0,intermediate activated
GGTAACTCCTCC-0,homeostatic
CAACATTACCAG-0,homeostatic
GGCCGATTTTTT-0,homeostatic
CTGAGTCACTCN-0,homeostatic
GCCGGCCTGTGG-0,intermediate activated
TATTTTTTCCGA-0,homeostatic
GTGTCTAACCGG-0,homeostatic
ATCCGTGTATGA-0,homeostatic
TCTTAGAATACN-0,homeostatic
ATCGTTGTAAGG-0,homeostatic
TGTCCTTCGATT-0,homeostatic
TCCCTGAATGCC-0,homeostatic
CTAGGAGATGTT-0,homeostatic
TCGCTCGCACGA-0,homeostatic
CCACGCGGACCC-0,homeostatic
CAGTAGTAGTGG-0,homeostatic
CGCATCTCGGGC-0,homeostatic
GTTCCGCAGGAT-0,homeostatic
ATCGATACGGAA-0,homeostatic
CCGCAGTTAGGN-0,homeostatic
TCCTCGGAACTC-0,homeostatic
TCCCTGAGTAGG-0,homeostatic
TTCACGGTCCCA-0,homeostatic
AAACACGACCTA-0,homeostatic
CCCTCATACTGG-0,homeostatic
TGACGCCCCGCN-0,homeostatic
GTAACCTAAGAC-0,homeostatic
GTTCCGGGCGAA-0,homeostatic
CATCGCAGGTTT-0,homeostatic
CTTCATTCGGGC-0,homeostatic
CAGCGCAGATTG-0,homeostatic
GAATACTCGCTN-0,homeostatic
GTCAAAGACAAG-0,homeostatic
CGACTCACATAA-0,homeostatic
GCCTAGCAACAC-0,homeostatic
GAAAGGCGAGGA-0,homeostatic
CCCGGTGCAATC-0,homeostatic
CACCCGAGGAGA-0,homeostatic
TCCAACCTCCAT-0,homeostatic
ACGCGTCCAATN-0,homeostatic
GCCGCCTCATCG-0,homeostatic
ATACGCAATAGC-0,homeostatic
TAACCCCTCTGG-0,homeostatic
GGCCGCCTATAA-0,homeostatic
CAGGAGTAGTCN-0,homeostatic
TGCGGTGAGAGC-0,homeostatic
GGAAACGTGCCN-0,homeostatic
CCCCGGGAACGC-0,homeostatic
GCTATGTTACTG-0,homeostatic
TCATCTGAGATC-0,homeostatic
TTAGGAACTGGT-0,homeostatic
CACAACTCCCCC-0,homeostatic
GTAGTGTGATTC-0,homeostatic
CGGATACGTCTT-0,homeostatic
GTTTTTTGCGAA-0,homeostatic
GGATTTAGAACT-0,homeostatic
CAGAACTCGTCG-0,homeostatic
CAATCTGATAGG-0,homeostatic
CCGTCAGACTCA-0,homeostatic
CTACACGTGTGC-0,homeostatic
AGGAATCGGATC-0,homeostatic
CACGGTACCACC-0,homeostatic
TTACTTAGAACA-0,homeostatic
CTTGCCCTAGCT-0,homeostatic
AACAATGCCCGT-0,homeostatic
CTGACCATAAAA-0,homeostatic
CGCGTCCTTAAG-0,homeostatic
AATCCCTATGAC-0,homeostatic
GACAAGAATTCG-0,intermediate activated
AACAAGGCGGCG-0,homeostatic
CCCCTAAACATA-0,homeostatic
ACGACTGACATC-0,homeostatic
ATGTCGCGCTGT-0,homeostatic
AGGACAATCGTA-0,homeostatic
AATGATCGCCAT-0,homeostatic
TCTGGATTCACA-0,homeostatic
TCCACAGCGCGN-0,homeostatic
ACTTCCGCCACG-0,homeostatic
TGGATCGGATTA-0,homeostatic
CGCAGTGACCAG-0,homeostatic
TCTAGATGCACA-0,homeostatic
TAGCGGACCCCA-0,homeostatic
CACAGATACAAC-0,homeostatic
ATAGCTTGGCTA-0,homeostatic
TCCTCTCCGTAN-0,homeostatic
GCAGTATTTGGA-0,homeostatic
GCCCCAACTTGT-0,homeostatic
AGTTAAGCTTTA-0,homeostatic
GGCGACTATCTG-0,homeostatic
CCCGACATACCN-0,homeostatic
TTTACATCACTA-0,homeostatic
AACGGAAACCGA-0,homeostatic
GCAGTGAGCTTG-0,homeostatic
TACCTCCACTTA-0,homeostatic
AGACGTGCATCG-0,homeostatic
AGGAAGTCGCCG-0,homeostatic
TCGCTCCGCTGA-0,homeostatic
GTGAGAACCCCT-0,homeostatic
GGTTGCTGTGAG-0,homeostatic
ATTGGGTAAGTG-0,homeostatic
TCACGGGTTTAT-0,homeostatic
GTGAACCGCGCA-0,homeostatic
GGCGACTTGTGG-0,homeostatic
CGCGCTGCGATA-0,homeostatic
GCGGCGTGATTG-0,homeostatic
CGTGAAGCGCGT-0,homeostatic
GAACATGGCCTA-0,homeostatic
TAAAAGCTCGAA-0,homeostatic
CATCACAAACGT-0,homeostatic
ATTCCCACACAC-0,homeostatic
CCCATTACAACA-0,homeostatic
TTTGCCCCGCGA-0,homeostatic
TACGACATGGGT-0,homeostatic
CAATCTACTCTC-0,homeostatic
CAACTTCTTTCC-0,homeostatic
AATACTTCGACT-0,homeostatic
GCCAGCTCTTAN-0,homeostatic
GCCCGCCGGCCG-0,activated
TAGAACTTCAGT-0,homeostatic
GTCCGTCCTATT-0,homeostatic
TGGTATAGAATG-0,homeostatic
ACCGAAATTGCA-0,homeostatic
CAAAGAAGGCTN-0,homeostatic
CCTGCCCTGCAT-0,homeostatic
TCTGTGTGTAAG-0,homeostatic
CGCCGTGTTTGT-0,homeostatic
CGCACGGTGCGG-0,homeostatic
GAGCACCAAACC-0,homeostatic
CCCCGTATGATA-0,homeostatic
ACAGATGACTTT-0,homeostatic
CAACACCCGACC-0,homeostatic
CAATTGGAGAGA-0,homeostatic
GTCGGTGCTCTT-0,homeostatic
CGCCAAACTAAT-0,homeostatic
GCGATTAATTGA-0,homeostatic
AATGCCAATTAN-0,homeostatic
TTTCAATCATTC-0,homeostatic
GTGAACGAGTAA-0,homeostatic
TAATCCTCGCTA-0,homeostatic
AACCCAGTTCGT-0,homeostatic
AGAATACCCCTG-0,homeostatic
AGTAGATCTTTN-0,homeostatic
AGCATGCCCTAG-0,intermediate activated
CCAGGTGTTGTN-0,homeostatic
CTGCATATCTTG-0,homeostatic
GTATTTGTATTG-0,homeostatic
ATTGCGAGTCAG-0,homeostatic
GAGCACCACTAT-0,homeostatic
CATTCATCGGCG-0,homeostatic
TGAGTGGAAGTA-0,homeostatic
TTGATAGCGGCN-0,homeostatic
CATAGCGCCCAN-0,homeostatic
GAATAAGAGAAT-0,homeostatic
ACAAGACTCGCT-0,homeostatic
TAGCCCTTCGAG-0,homeostatic
CTAAGCAACTAA-0,homeostatic
TCAAGTCCGCTC-0,homeostatic
CAGAGAATGGTT-0,homeostatic
CGATGGTCGTGC-0,homeostatic
TCTTCGATTGAG-0,homeostatic
CAATAAAGCAGA-0,homeostatic
GCCCTTTGTATT-0,homeostatic
TCGCGATGTGTC-0,homeostatic
TGAATGGTCTTG-0,homeostatic
ACCCCGGTGAAG-0,homeostatic
CTGGCCATGTGA-0,homeostatic
TGCTCGCTCATT-0,homeostatic
AGATAAGAATAC-0,homeostatic
ACCCAACCGCTC-0,homeostatic
TCTCGTACGGTC-0,homeostatic
TAATCTATGATN-0,homeostatic
TCAGTCCCTGCT-0,homeostatic
AAGATTACGTTC-0,homeostatic
ACGTATGAGGGC-0,homeostatic
CTGTGACCCGAG-0,homeostatic
CGCCTTGGTATA-0,homeostatic
ACGCGTATTGGG-0,homeostatic
AGTTCTGTAAGC-0,homeostatic
GTAGACGGTATG-0,homeostatic
TTGCGCTAATCC-0,homeostatic
GTCGACGCTAGC-0,homeostatic
GCGCCTGATTGA-0,homeostatic
GATTCATCCGCA-0,homeostatic
GGTAGTTGAGGA-0,homeostatic
TGAACCACTATA-0,homeostatic
TCCTTTAACATG-0,homeostatic
TGTTGACAGGTG-0,homeostatic
ACCGTACTTCAA-0,homeostatic
AACGGGACAGTG-0,homeostatic
CACCAAACCTAG-0,homeostatic
TCAATCTGGCTN-0,homeostatic
CAATCTAATGCN-0,intermediate activated
CACGATAAATGA-0,homeostatic
GGCTGACAGCCC-0,homeostatic
CCGAAATGGCCT-0,homeostatic
TAGTGAGGAATA-0,homeostatic
TGCATCTGTGAG-0,homeostatic
GGTACGCCTGAC-0,homeostatic
ATTTGAACTGGC-0,homeostatic
TAGTCTTCTCCA-0,homeostatic
TTTAGACGAGCG-0,homeostatic
ACCTAAGAACGA-0,homeostatic
TCCATGCAGCGT-0,homeostatic
GAGAAATTACTT-0,homeostatic
GATTTTATGAAA-0,homeostatic
CTGTGACCCTAN-0,homeostatic
CAGAATCCGGAN-0,homeostatic
TTTTACCGCGTA-0,homeostatic
AATCACTGTGCG-0,homeostatic
GCCTGTGTTCTA-0,homeostatic
AACGACTTAAAA-0,homeostatic
GCGGTTCTAGAC-0,homeostatic
TGGTTAATTAGG-0,homeostatic
CGCTGATTGGTN-0,homeostatic
AACTTACATATG-0,homeostatic
TATTGAGTTCCT-0,homeostatic
TCTCGTTAGAGN-0,homeostatic
AGACATGAGGAC-0,homeostatic
AGTTTACTTCCG-0,homeostatic
CGACAGTATACN-0,homeostatic
AGTGGGCTTGAT-0,homeostatic
GTATCATAGGTN-0,homeostatic
AACACGTTACCG-0,homeostatic
GAGTTCCTAATG-0,homeostatic
AACATGAGGACN-0,homeostatic
CCGGCGTGTCTG-0,homeostatic
CCGATTTTTACT-0,homeostatic
ACTCTTTGCGCA-0,homeostatic
ACGCCCAACGTT-0,homeostatic
ATTTGATGACTC-0,homeostatic
CTTAAGAGTGTT-0,homeostatic
GAGCGATACCGT-0,homeostatic
TAAGCCATGCAN-0,homeostatic
CTTACAGACGCN-0,homeostatic
GGTAGCTTGTTN-0,homeostatic
ACTAGCCTTTGG-0,homeostatic
AGCAAGGTCCCN-0,homeostatic
AATCCTAGGAAG-0,homeostatic
GATCCTGTACCT-0,homeostatic
CGCCTATCCGGT-0,homeostatic
CCATCTGTAGAG-0,homeostatic
GGGACGTAATTC-0,homeostatic
TGTTTTTTTGAG-0,homeostatic
GCTGGCCCAAGT-0,homeostatic
AGTTGCAACGTT-0,homeostatic
TTAGGAATGGTN-0,homeostatic
ACTTCTAAAGTC-0,homeostatic
GGTTATACGAAG-0,homeostatic
GCTGGCCCCGAC-0,homeostatic
TAAGGGCATGCC-0,homeostatic
TAGCATGTGGTA-0,homeostatic
ACAAATAGTTGG-0,homeostatic
AGTTGATGCCTG-0,homeostatic
TAAACTGAATGA-0,homeostatic
TCTCATCAATCC-0,homeostatic
AAAGTATTGCAC-0,homeostatic
AGATAGGTATGT-0,homeostatic
CGAGTAATTAGA-0,homeostatic
TATGCTTCGATN-0,homeostatic
GCGGCCCCTCGC-0,homeostatic
TTTCGTGGACGC-0,homeostatic
AGTAGACGTCAA-0,homeostatic
GGTGTAGGACTA-0,homeostatic
TCTTAAATCCTG-0,homeostatic
AGTACTACAGAG-0,homeostatic
AGTAATTTGGCT-0,homeostatic
GCGCGCTGTCAN-0,homeostatic
ATCGATCATCAN-0,intermediate activated
CCCCAAACCCCG-0,homeostatic
GTCCGCTACGTA-0,homeostatic
CCCCAACCACCG-0,homeostatic
GCCCAAACACCG-0,homeostatic
GTTTAGATCCAT-0,homeostatic
GTAACGGTCTGT-0,homeostatic
ATAACGGTCTGT-0,homeostatic
CACAAGATACAG-0,homeostatic
TGTCTTACTGTT-1,intermediate activated
GAAGCCGAGACA-1,activated
GAAGCTACCGGT-1,activated
TCACCATCATAC-1,activated
CTGCACCCCACN-1,activated
GCGATGTGATTC-1,activated
ACCAGATGTCTT-1,activated
AGTCGCCATGAG-1,activated
CCATAGTCTGGA-1,activated
TAGATGTAGATN-1,activated
GGCGGCGGTGGC-1,activated
CCTGTGGACATT-1,activated
CCCAGCCCGTCT-1,activated
ATTCTCACACGT-1,activated
GGTCTGCAAGTC-1,activated
TGGCTTGCCTTT-1,activated
GCGAACACCCAG-1,activated
AGCTATTGACAC-1,activated
AGCGAAGAACTC-1,activated
CACCCTCATACA-1,activated
TTTGAGGAAACT-1,activated
AACATCCCCTTA-1,activated
GGTTGAACGGGA-1,activated
CTACTTGGCAGG-1,activated
GAGTCGGAATCT-1,activated
AAGCTACTTTTG-1,activated
AAACCAAAGCTT-1,activated
AAGTTTTGCTAA-1,activated
TGTCTCGGACTA-1,activated
GCTATCCTCCAT-1,activated
GTTGGACTTGGG-1,activated
TCCGCCCCTCCG-1,activated
AATCCCCATTAC-1,activated
ATCACGGAAGTA-1,activated
TGCAACCGTATT-1,intermediate activated
CGGCCTTTCTTC-1,activated
AGTTCGTCTTGC-1,activated
TCGCCGGAGTTT-1,activated
TCTAAACCCCAT-1,activated
TATTACGCGTCA-1,activated
AAGAGGGACGGG-1,activated
CTCACCTGAGCA-1,activated
AGGATTGGGTCC-1,activated
GCAGTCGGTTAG-1,intermediate activated
TACAACCCACAG-1,activated
TCAATGGTCTCC-1,intermediate activated
TAAAGCTAATGC-1,activated
TCTCAGAGGATC-1,activated
AGCACTTATCAN-1,activated
CTTCCTAGCCTT-1,activated
TCACCAAAGACC-1,activated
CATCAGACAACG-1,activated
GCAAAGGTTTAT-1,activated
GCCTACACCTCG-1,activated
CGCTTTTCGGTT-1,activated
GCCAACCCTCTC-1,activated
ATCGCCTTGTAT-1,activated
ATGGAATGCTAA-1,activated
TCGCTTTTGCTA-1,activated
CTTCACGACTGT-1,activated
AAAGAGAAGGGA-1,activated
GGTGGGAGGCCG-1,homeostatic
GCTCAGCTGCAG-1,intermediate activated
CCCGCTCCCGTG-1,activated
GGTAGATAACCA-1,activated
TACGCTCCCTTN-1,activated
CTCCACCCACGC-1,intermediate activated
CAGAACTTCCTA-1,activated
AAGGCCAAAACC-1,activated
CATCGATTTCCA-1,activated
GTGGACCCAAAC-1,activated
GACACCCAAGTA-1,activated
CGTCGAGCTGCG-1,activated
ACACTTTTCTCN-1,activated
CCCATGGGGGAC-1,activated
CTCGATCTTTTC-1,activated
CCCGCTTGAGAG-1,activated
CCTCCCTGGATG-1,activated
TACCAGACACCT-1,activated
TGAAAAGTTGGA-1,activated
CGTACCGCCGTC-1,activated
CGGATCGTTAGT-1,activated
TTCGGTGCAGCT-1,activated
GATCGCTAGGTT-1,activated
CTCAACCTAATT-1,activated
CTCCTTTCTGGG-1,intermediate activated
CGCATCGGAGTG-1,activated
CCCGTTGGATGA-1,activated
TCAGGCCATCCG-1,activated
CTCGTAAGCAAG-1,activated
GCACACCTCTAT-1,intermediate activated
CGGAATCATTAT-1,intermediate activated
GTATCCAGGAGT-1,activated
GGCTGAGATAGC-1,activated
AATAGTCTCCAG-1,activated
CAAGCACCAATG-1,activated
CCAGGCGGGCGT-1,activated
AACCCGTGGTAG-1,activated
TGATGTATGACT-1,activated
ACACGGTTGAAC-1,activated
ACGTGATGCTAG-1,activated
GATTATCGCTAT-1,activated
CGAGTAAGGAGA-1,activated
TTCTACGCCCAA-1,activated
TACGAATCCACG-1,activated
CCAGATCGCTCC-1,activated
CTCCGTACTTAN-1,activated
TAAGTAAAAGTT-1,activated
CAATTAGTAAGT-1,intermediate activated
ACAGGTCCGTGA-1,activated
TCCCATCAGTGA-1,activated
ATTCCGCTTCCA-1,activated
CAATTAAACGGC-1,activated
CCATCTCTCCTC-1,intermediate activated
CGTGCCTCCCAN-1,activated
TCCTTACTCCAG-1,activated
CTCTTGGAACCN-1,activated
CTCCTAATTAAT-1,activated
CCTCAGTAGTAA-1,activated
TCGTTAGCAACN-1,activated
ATTCCGGCTAAC-1,activated
TTTGCAATCCAC-1,activated
TACCTAGAGTTG-1,intermediate activated
TTCACGACCCTT-1,activated
GCGCGCCAAGAA-1,activated
CGGGTTAGAATC-1,activated
ACGATTTCTACG-1,activated
CCGGCAGCCGCN-1,activated
GATTTGGAATGN-1,activated
CCTATTCGACCC-1,activated
CGTTTTGCACGA-1,activated
GTGCGAGCCGTT-1,activated
GTGACTCAGCCG-1,activated
GAATAGCCACCT-1,activated
AAGAGTACAGGC-1,activated
CGGTGAATTTTG-1,activated
ACAAATTGTGTG-1,activated
AACCTACACGAC-1,intermediate activated
TACCTCAGCCTT-1,intermediate activated
GGTAAGGGGAAG-1,activated
AAAACGAGATTC-1,activated
GCAAGAGTCATA-1,activated
GTCCGTAGAATC-1,activated
GTGTGGCATACC-1,activated
ATCTCCACCATT-1,activated
TAACGTAGCTCA-1,activated
CTCTGTGGGTTG-1,activated
TCCTAACCCTCC-1,activated
GCGGCTCCGTCC-1,activated
GCCGGACTATGN-1,activated
AGCGTGAGTGGA-1,activated
GCTACCAATCCA-1,activated
TGCCATGCCAAC-1,activated
TCTACTGAAAGT-1,activated
TAAAGTGATGCA-1,activated
CCGGCAAGAAGT-1,activated
GTCAGCACCGCC-1,activated
GTGTCAACGCCN-1,activated
CGGATCCCATCA-1,intermediate activated
GGAGTCATATTA-1,activated
GCTGTTTGTTTG-1,activated
TGTAACATGTTG-1,activated
GATTACCGTCTC-1,activated
AAGCAAAAGACT-1,activated
GCGTAGAATTGC-1,activated
TGAGAGCCCCTC-1,activated
TGCTCCGTCCAG-1,activated
GCGTAAAATCTC-1,intermediate activated
TAGCACGTCAGT-1,activated
GGAGGCGCCCGT-1,activated
TGTAGGCCAACG-1,activated
GCCTATCCTTGG-1,activated
GGTTCGCGGGTG-1,activated
CCCAAGGCCTAT-1,activated
GTGAAAGCTCAC-1,activated
AATCTCGGGTCT-1,activated
TACCGCCCCGCT-1,activated
CTTTTTCCCCGA-1,intermediate activated
ACCCCAGTCAGG-1,activated
GGGATTCTTTTC-1,activated
AGTTCTCTATGA-1,activated
AGTAAGCACCCT-1,activated
GTTTTGGGAAGG-1,activated
ACCAGGCTCCGT-1,activated
AGAGCGTCACTG-1,activated
GCCATCGTGCGT-1,intermediate activated
GGAGGAGAATGA-1,activated
GGCCCCTAATCG-1,activated
CGCAGAATAAAG-1,activated
AAGTGGCCAGCT-1,intermediate activated
TCCATATCTTCA-1,activated
TTTAACACGTAC-1,activated
TGGTCGTCTCGA-1,activated
CTTAGCGCCTAG-1,activated
GCTAGGTCGTTA-1,activated
GAATCATTTAGA-1,activated
CTCGACTCATCA-1,activated
CCCACCCTCGGT-1,intermediate activated
GAACATTTTTCC-1,activated
GAGGACCCGTCT-1,activated
TAATTACGAAGN-1,activated
GAAGGCCTCAAG-1,activated
GTTCGACTGTCN-1,activated
GGCACGACCAAG-1,activated
CCGTCACCGAAC-1,activated
GTTACACGCCGA-1,activated
CAATAGCTTTTT-1,intermediate activated
AGTCCTGTCGCC-1,activated
TTAGCTCATCAG-1,activated
TCTCCACGCCGA-1,activated
CTGAAGTCACAT-1,activated
AGGCGACCTTTC-1,activated
CTCGCTTACTGC-1,activated
TGGCTCTGGCCC-1,activated
GTGCCAAGCCTN-1,activated
CGAACCTCTCTT-1,activated
GCTGCACGCGGC-1,activated
AGTTGTTAGTTG-1,activated
CATTCCGATAGA-1,activated
CGTCACACTTTC-1,activated
TGCGCCGGTTTA-1,activated
CCCGATTTCAGC-1,activated
CCCGAACGGCCG-1,activated
TCACGCTATATA-1,activated
TGTTATTGGTCA-1,activated
GTCGAATATTGG-1,activated
GTGCACAACGGC-1,activated
CCAGCTTGTATN-1,activated
GACAAATGTAAT-1,activated
CCCATGACTAGA-1,activated
GGGCCACTGCGC-1,activated
CTCACATATTCC-1,intermediate activated
CGTTCCAGGGTC-1,activated
GGGAGAGCCGTG-1,activated
CAGAGCTAGTCC-1,activated
CAGCTACCTCAG-1,intermediate activated
GACCTTAAAGGC-1,activated
GCGACGATGCAC-1,activated
AAGGCGGATGAA-1,activated
AAAATGATGACT-1,activated
CTATGTCGAGTA-1,activated
TGAACACATCCC-1,activated
CAGTCGGCGTTN-1,activated
GGTCCCGATGTG-1,activated
GATCCCCGAAAC-1,activated
CCGGATACCGCT-1,activated
CCTGAGTGGAGA-1,activated
TCCGGGATCCGT-1,activated
CGTAGATCGGTG-1,activated
GCCCTAACATTA-1,intermediate activated
AATGCACACCGN-1,activated
TCCCAGGCGTTN-1,activated
CCGCAAAGTATT-1,activated
GGTTACGTTTCA-1,activated
TAGGGACTTGCC-1,activated
GCTCAAATTTCT-1,activated
GATGTATCCACN-1,activated
CTACCTCGTCGT-1,activated
GTGAGCCCCTAC-1,activated
GATGATATCCAT-1,activated
AAGGTGAGATAA-1,activated
TTTGATAGTTGA-1,activated
AAACGATTTCAN-1,activated
GATCCTAACGTA-1,activated
GAACCTGAGGCA-1,activated
GAATAACACAGC-1,activated
GCATTTTCGGTN-1,activated
ATCACATCCAGG-1,activated
ATGAGCAGGCGT-1,activated
GAAAGCCCTCCN-1,activated
TCTGGCCTCCCG-1,activated
GCTCCAAGAAAN-1,activated
GTGCTTCTTTTG-1,activated
CAAAGATTAGTT-1,activated
TGCACGCAACCC-1,activated
GCCTAAAGAATT-1,activated
GGCAACATCCGA-1,activated
CATCGAATCTCA-1,activated
TTGAAAATTCCC-1,activated
GTCCCATCCTGG-1,activated
TCAACGTAAGTN-1,activated
ATGTGCCTATGG-1,activated
ATCGCGCATATN-1,activated
CTCGTGCAGGTT-1,activated
CTACGGCCCATN-1,activated
TCGAAACTCGTC-1,activated
ACGATCCGATTC-1,activated
AAGTCTTGGTTN-1,activated
CCCTGGCCCTTC-1,intermediate activated
GACAGGCCCACC-1,activated
AACATCCGCCCC-1,activated
CTCATCGTTCGG-1,activated
AGTCACGGTAAA-1,activated
AAGTAAGCAGCC-1,activated
CGAGTTTATCAG-1,activated
CCAGCCCTTAGT-1,activated
ACTGTGCCCTGA-1,activated
GTGCTTGAGCCA-1,activated
ACCGAGATGTTA-1,activated
GTTGCTATGTCG-1,intermediate activated
TACAGTTCGACA-1,activated
CCCCCGGACCGT-1,activated
GGTAACTCGTCG-1,activated
CCTTAGTGGTGT-1,activated
TTCATTGCTGCA-1,activated
CAGCACGTTGAT-1,activated
CACCCTGTACAT-1,activated
AGTGCGCGCGCC-1,activated
CCGCATCAACAT-1,activated
CAGGACAATAAG-1,activated
GGTTTGGGGTAC-1,activated
CCCAGTGTGCCT-1,activated
GGAGTTCGCATA-1,intermediate activated
CGCCTTTCGTGC-1,intermediate activated
CCGAGCGTCATC-1,activated
AAGCTCCCTGAT-1,activated
TGGCTAAGCGGA-1,activated
GCACAGCTCGCC-1,activated
CGTAATTCCATC-1,activated
CACTGAGATCAA-1,activated
CCGTCATATCCT-1,activated
CAATTCCTAGGT-1,activated
AAACGCCCTGTN-1,activated
TCTCCGTTTTTG-1,intermediate activated
CACAGTCGTGTT-1,activated
TGTCACCCCGAA-1,activated
TGAGCAGTTAGC-1,activated
ATGCGCAGTAGT-1,activated
TCCCAACCCCAG-1,activated
GTGGCGTACAAA-1,activated
AGGGTCACGCCC-1,activated
GCTAACTTCCTG-1,activated
TCGCCCCAGACG-1,activated
TGTTGTAAACCG-1,activated
TACGGGAATAGT-1,activated
ATATTCCCCACN-1,activated
CAGACACCTTGG-1,activated
GCGAGTTGTTGG-1,activated
GAATCGCTATAG-1,activated
CACAGGCGCTCG-1,activated
CATTGGCTTAGT-1,activated
CTGACGTAGACA-1,activated
GAGAAACGGTTA-1,activated
TTAACGTCAACN-1,activated
GGTTTGCTGGCA-1,activated
GGCTCCCGTTAG-1,activated
TCGTACAGCCGA-1,activated
AGGTAATAGGAN-1,activated
TGAGCGTAAGTT-1,activated
AATCGACTGACC-1,activated
GTCGTGCGTGCT-1,activated
ACCGGCTGGCTT-1,activated
CTCCTCGCACTC-1,intermediate activated
CACAGACCACAG-1,activated
GCCTGGCCGTAT-1,activated
ACAGATCAGTTC-1,intermediate activated
GGTTATCAGAGG-1,activated
GGTTCTTCGGCT-1,activated
GTCGGATCGCTA-1,activated
CCGCTGAGGATN-1,activated
CCCCGTTAGTAC-1,activated
TCTTTTAACACT-1,activated
TAACCGTTTTGT-1,activated
TATCAGGACGGT-1,activated
CCAGACTATGTC-1,activated
TAACGGTTCGAG-1,activated
GGGCTTTATACT-1,intermediate activated
GCTCCCGTTAGA-1,activated
CCTACTCGATAA-1,activated
TCGTTAGCAAGC-1,activated
CGTAATCAACGT-1,intermediate activated
GAGCTGGCCCCC-1,activated
GCTCATCGCCTC-1,activated
AACCTCCAAGCA-1,activated
CCCCTCTTATAG-1,activated
GTTTGTCGACTC-1,activated
CATGGACACCCG-1,activated
TCCAACGACGTG-1,activated
TAGTCCTCCGTA-1,activated
TCATCGCAGTGT-1,activated
AGTTAGTCTTGT-1,activated
AATTCGTCCTAG-1,activated
CAGTTTTGCAAT-1,activated
CCTTATTGTTAC-1,activated
GTAGAGTGTAGG-1,activated
TTTATCGCGAAC-1,intermediate activated
CCACTAAGTCAT-1,activated
TGAGCGGTTAGG-1,activated
GCCAATGACACG-1,activated
GGAGGATTTTAC-1,activated
AGAAGGTACATT-1,activated
TACTCGCCCAAT-1,activated
GTGTCTATATTG-1,activated
CTTCCAGTTTGA-1,activated
CGACATGTCGTC-1,intermediate activated
GGTCTTATGCAN-1,activated
TCCCGCAGCTCG-1,activated
GGTTTGCTCCCC-1,activated
CCTTATAGGGCA-1,activated
TCAGCTCGTTTT-1,activated
TCATCGCGCCTG-1,intermediate activated
TATCTATAGCCC-1,activated
TATAACTCGCGA-1,activated
ATTGACTACCGN-1,activated
CACCGCCCGACC-1,activated
CCAAATGTAGTC-1,intermediate activated
ACTACGAGGAGT-1,activated
GCAGGGGCTCTC-1,activated
CCTCACCGCCTC-1,intermediate activated
CCGTGCTGCCAA-1,activated
GTGTTGCCACGA-1,activated
TTCCTTGGAATT-1,intermediate activated
TGGGGTTGACGG-1,activated
CGTGCTTAGGTA-1,activated
CTTTGTCCTGGT-1,activated
AGCCTCAGTCTC-1,activated
AGTAGGTCAATA-1,activated
GTTAAACTACAC-1,intermediate activated
GGGTTCGACAAT-1,activated
AGTCGTCCCTTA-1,activated
GGTATCGTCCCT-1,activated
AAATCCAGGGGA-1,activated
ATACCCGGCATG-1,activated
CACGTGGGAGAC-1,activated
CAATTGAAGAGN-1,activated
CACTCCACTTCA-1,homeostatic
TGCCCACTACTC-1,activated
TCAGTTCAGGCG-1,activated
ACGCATAAGTCT-1,activated
GTCTAGTCACAA-1,activated
ACCCGGTTCGTG-1,activated
CAAACCTATTCA-1,activated
AATACATTCGTA-1,activated
GGCAGTGAAGGC-1,activated
ACAAACCGCGAA-1,activated
CATGGGACATCG-1,activated
TTTCGCTTCACC-1,activated
AGCGTCTTTATT-1,activated
ACACACCACTTN-1,activated
CAGCCCCGAGAT-1,activated
TTTCTGGCTGCC-1,activated
ATCGAATCTAAT-1,activated
GCCGCAGTATTG-1,activated
ATAACTACCTGN-1,activated
GCTCATTCAGTG-1,activated
TCTTAAGCAGCN-1,intermediate activated
TAAGCACATTAC-1,activated
GTCATTGAAAAT-1,activated
CAATCTTAGATG-1,activated
GAAGATCACCTG-1,activated
AGCTAGAGCGCT-1,activated
CGAGGCGGGTTT-1,activated
GGTGAAAATCGG-1,activated
GCGCAACGTTAC-1,activated
CTTTCTTCCGCG-1,activated
GTGAACGTCCTC-1,activated
TCCAAATCCCCC-1,activated
GACAGCAGGTTG-1,activated
TTACAGGGAGCN-1,activated
GCAAGTCGTTTA-1,activated
CCGTGGTTTGTC-1,activated
CTCCACCAAGTA-1,activated
AACGTCCATCAA-1,activated
ACAGTAGGTCCA-1,activated
GTTCTCCTCCAT-1,activated
ATTAGAGTGGGG-1,activated
CGCCATACCCGA-1,activated
TTCACCCAGCCN-1,activated
AAGAGTACGGAC-1,activated
AAAATTTTCACC-1,activated
CTTGCAGTTAAT-1,activated
CAGCGATGATGG-1,activated
ACCCGTTGCGGN-1,activated
GGTGAACAGGAG-1,activated
AGACTGTATAGG-1,activated
TCGCTCGAACCT-1,activated
CACGCTTAACTG-1,activated
GATCTTTACACG-1,activated
CGCACGGTTAGA-1,activated
CTTGCCGACCTT-1,activated
GCTGGACATCTA-1,activated
GAACTGAACTGC-1,activated
AGGTCCTGCCGA-1,intermediate activated
CTAGGGATTACA-1,activated
GCCCAGGGTCTA-1,activated
AAAGACCGCGGN-1,activated
GTCGCCGACCCT-1,activated
TGAGCAAGCTTC-1,activated
CCAGCTAGCCCA-1,activated
CTTTGATCCCCT-1,activated
GTAAAGCACCAC-1,activated
ACGAAGAACTAA-1,activated
TTCCTGAACCGC-1,activated
GCAGCTGCCAGA-1,activated
TGTCTGCCCAAC-1,activated
CCCGGATCCCGG-1,activated
AAGGCCACGCCA-1,activated
GACCTTCCACAA-1,activated
GTTGCAACTAGT-1,activated
CTTGAGTTTGGA-1,activated
GAGAGTAGTTTT-1,intermediate activated
GGCAATACGAAG-1,activated
ATCCGGCCACGA-1,activated
CCGTACGCGTAG-1,activated
GAACATGGCAAN-1,activated
CGTAAAGTACAG-1,activated
TGAAGGTCATTT-1,activated
GGAAGGTGATGC-1,activated
GGCAGCCCGCAA-1,activated
ACGCGCATATAN-1,activated
CCGATTGTAGAA-1,activated
TTCACTTGCCGN-1,activated
TACAGTCGGCGC-1,activated
CGAGGCTTGCGT-1,activated
CGGTGTAGTGAC-1,activated
GCTGAGGGGCGG-1,activated
GGACAAATGAAN-1,activated
AATGTACCGATA-1,activated
CAGGTTGGATCG-1,activated
AGGAGGCTTCAT-1,activated
AGGGTCTCTTCA-1,activated
GAATAACACACN-1,activated
ACCCTAGCTACA-1,activated
GGCTGTTGTTCT-1,activated
AGATTATAACTG-1,activated
GCCCTGTTCTAA-1,activated
GCCATGTCACAA-1,activated
TAGACTATGAGT-1,activated
CTTTATATATGC-1,intermediate activated
CCTAATGAAACT-1,activated
TCAGCAAAGATN-1,activated
ACCCGAAGTAGA-1,activated
GTTCCAGGCGCC-1,activated
GTCGGTCTATTT-1,activated
CCCGTGCAAGTA-1,activated
ACCAGTACCCGC-1,activated
TATCTTGGGTTA-1,intermediate activated
GTCAAAGGTAGC-1,activated
GTTCCGGGTACC-1,activated
CTCTTCCATGAT-1,activated
CACCCCGTTCAC-1,activated
TTCCGCTGTATN-1,activated
AAGTCGCCAGGN-1,activated
ACAGCCTTTACG-1,activated
TTACTATTCCAT-1,activated
TAGATGTAGGAC-1,activated
ACCGACGGTTCA-1,activated
AGTTTGTTTTAG-1,activated
AAAGCACGTTTG-1,activated
GACTAATCTGGA-1,activated
GTGCCATAGTGA-1,activated
CGTAGGGCCTAT-1,activated
CGTCAATAGAGG-1,intermediate activated
AGCCGCGATGCA-1,activated
TCATCCCGGACN-1,activated
ACTTTTCCATAC-1,activated
TGTTGCAGCCCA-1,intermediate activated
TTTTTTCCGCTG-1,activated
ATTTCTAGAATC-1,activated
GCGCGCAGAAAT-1,activated
CAAGTTTAAGAT-1,activated
CCGACCACGACG-1,activated
CGCAAACGGAGG-1,activated
ATAGCAGGCACC-1,activated
CGCCCACTCAAC-1,activated
TTTGGGAGTCGN-1,activated
AGGAGTGGAACA-1,activated
ATACCACCCTAC-1,activated
AAGCAAGCACGG-1,activated
CCATCGAAAACC-1,activated
TACGAACCTATA-1,activated
TGCGGTCCGATC-1,activated
ATCTCAATTAGT-1,activated
GCTATTAAAGCG-1,activated
AGTTACTCTAGC-1,activated
GAATTTAGAACA-1,activated
TAATACTTGATT-1,activated
ATATGGTCGTGG-1,activated
ACTTGCGCTCTG-1,activated
AGATAATTCACN-1,activated
GCGATCAGGGTG-1,activated
TGTCTGCAAGTG-1,activated
AGCGTTGATCTT-1,activated
GGAGCCCCCCTC-1,activated
GCAGAAGCCATC-1,activated
CTTTATAGTAAA-1,activated
ACTTGCATCATG-1,activated
TCACAATACAAC-1,activated
TAAACTGACCTN-1,activated
AGATCGTATTGC-1,activated
GACCGTTCGCGT-1,activated
GGCGCACGGCTG-1,intermediate activated
AGGCTCCTACCT-1,activated
AGCAGAAGTGTC-1,activated
ATGGGAGAGCAA-1,activated
CCGACCTGAACN-1,activated
GGTGGATCTTAC-1,activated
GGCCATGCTGTN-1,activated
TCACCCTTTGCN-1,activated
GGCCGAGAGTGG-1,activated
GATGTATCCACC-1,activated
ACCCGTCATCAN-1,activated
GTTCACCTTATG-1,activated
TAATGTAGGCAT-1,activated
TGGCGGAGATGT-1,activated
CGTCCAGCACGC-1,intermediate activated
TAACGAGAGCTC-1,activated
AGTCGGGTGGCA-1,activated
CATATCTAGGGT-1,activated
GAATGAATGCGT-1,activated
CGCCGTGAGCGC-1,activated
CGATGTAATATT-1,activated
AGCATCTATATC-1,activated
ATACGTAGCACG-1,activated
ACCCGTCTATGG-1,activated
CTTTGGATCACC-1,intermediate activated
AAGGCAACTATG-1,activated
CACAATCACGCT-1,activated
GCTGGCGAACCA-1,activated
GGGTAGAAGGCG-1,activated
CCAATGACAACA-1,intermediate activated
AGACTGTATAGN-1,activated
GTGAGCTCATAA-1,activated
AACTTTTCACAT-1,activated
GTTAAAGATACA-1,activated
ATAGGGAGATCT-1,activated
ACCTTGCACAAT-1,activated
GCCCGAATAGCG-1,activated
AAGAAGCTACTN-1,activated
AAATCTCCTGTT-1,activated
AGTTAGCGTGAA-1,activated
GTACCCCCTGGC-1,activated
AACGGTTCCTTG-1,activated
CCAGTGTTGGAA-1,activated
GCGGAGCAAGGA-1,activated
AACTGTTACGCC-1,activated
ACATTGCTATTT-1,activated
CCCGTGTGGATG-1,activated
TACCGAACCGAT-1,activated
TGAGGCCTACTT-1,activated
AGTCGAGTGCGC-1,activated
ATTTACTTGTCN-1,activated
TGCGCCGATGAC-1,activated
GCGAATCGGCGA-1,activated
TTTATCATCTAT-1,activated
TAAGATATAGCN-1,activated
CAGTCTGATATG-1,activated
GGTCAGACACCN-1,activated
GTCTTGACCGTT-1,activated
CCGACGTGGCGC-1,activated
GTACGCGCGTCC-1,activated
CCCACGGTCTTN-1,activated
TCAGGTCAGGCT-1,activated
CGGGTGGGATTT-1,activated
AGAGCCTCCTAN-1,activated
TAGCGCCCGGGG-1,activated
GCGGCCTTTTAG-1,activated
CATTACATTGCC-1,activated
ATCCGTTAGCAG-1,activated
GAATGGTCAAAN-1,activated
CTTGTGCGCCGA-1,activated
AGGCCACAGTTC-1,activated
ATGGAAATTATN-1,activated
GTAAATTCCAGT-1,activated
AAAATGCCCTTC-1,activated
CTTCCCACGTTN-1,intermediate activated
ACGGGCCGTGTT-1,activated
AGCAGGCCGTCT-1,activated
TTACCACCAAGA-1,intermediate activated
AGTAGAGCTTTT-1,activated
CGGTCGCCTCGT-1,activated
GCTGAGCGCCTC-1,activated
CGTTTATTTTAG-1,activated
TTGGAAAAGTTA-1,activated
AGTTCACCTTTA-1,activated
GGCTATCCATTA-1,activated
AACGGGAGGCGG-1,activated
CCAACGCAACCA-1,intermediate activated
GAGGTTAAACTG-1,activated
TAGGCAACTCTT-1,activated
GTGATTTCGATA-1,intermediate activated
AGCGTGGCTCTT-1,activated
GGCCCGGACCTN-1,activated
AACACCGAGTCT-1,activated
CGTACGGGTTCA-1,activated
TGGTATCCTGCC-1,activated
CTGATAGCTAAC-1,intermediate activated
ATTGTCTCGCAA-1,activated
CATCTATAAGCA-1,activated
ACAAGGCTTCGN-1,activated
ATTTACAACAGA-1,activated
CGGTTTCTTTGC-1,activated
AACCCTCTAACN-1,intermediate activated
CCGGTTTAGTGA-1,activated
TTACTGCAGGCC-1,activated
AATTATTCATAA-1,activated
AGACAGAGGTGT-1,activated
AACTTTAATAGN-1,activated
TTTAAGTCGACT-1,activated
TAGTCATGACGG-1,activated
TCATTCTGGTTT-1,activated
AACTAGAATGGC-1,activated
GAGGCCCGTGAN-1,activated
ACCCGAGGCTTC-1,activated
ACCCACGGCCTA-1,activated
TCCCGCTGCTTG-1,activated
TATCACTCTAGG-1,activated
CGGACCTCAGCG-1,activated
GAGTTCTAGCAG-1,activated
TGACCATAGCCC-1,activated
TTTTGCAGCCCC-1,activated
GTTAGCTACCCN-1,activated
GAAGCTCTATCT-1,activated
CAAACCGCCCGG-1,activated
GGTGGCACTATC-1,activated
ACTTGCTAGTGG-1,activated
TCACACCGCGCC-1,activated
CAGCATACGACN-1,intermediate activated
TGGTTCAACCCT-1,intermediate activated
TCCATGAGACCA-1,activated
TGGGCCCTCTAA-1,activated
TGTCTTATTTCT-1,activated
GGACGCGTATTA-1,intermediate activated
TATAGACAATCN-1,activated
ATACCCTAATGA-1,activated
TTTGTAATTGTC-1,activated
ACGCAATTGCCA-1,intermediate activated
CCCCCTCGGTGC-1,activated
CAATAGCATAAC-1,activated
AAGCCCATACTN-1,activated
AGTAAACTTACT-1,activated
ATAAGCGTCCCA-1,activated
TTACATAAGACA-1,intermediate activated
CCTCTTCGAGTG-1,activated
AGGCCTAGTTCT-1,activated
ACAGATCCGGTC-1,activated
ATAAAGTCGCCA-1,activated
TACATTTGTTCA-1,activated
TTAATTATAATC-1,activated
TGAACTATTACA-1,activated
ATATCCACTCCA-1,activated
TCTTTGTACATN-1,activated
AGCGTATAGTTT-1,activated
CTTATGAGATTG-1,activated
TAAATATTTTCT-1,activated
TGCGGCTGTGTG-1,activated
TATAAACCATGA-1,activated
TTATGATACAGN-1,activated
ATTTGAACAACC-1,intermediate activated
TTACATGCATTA-1,intermediate activated
AAAGTAGATATG-1,activated
TCTTTTGGACCC-1,activated
AACCCCGCCTTC-1,intermediate activated
GCCAGATGTCTT-1,activated
GGTCGCCATGAG-1,activated
GGCGAAGAACTC-1,activated
GTTCTCACACGT-1,activated
GGCTATTGACAC-1,activated
GTCGCCTTGTAT-1,activated
GAAGCCGAGCCA-1,activated
GGTCTTACTGTT-1,activated
