barcode,nUMI
P60HippoRep6P2_GACTTGAAATGC,996
P60HippoRep2P2_ACTGAAGAATTN,1199
P60HippoRep2P2_CCTTAGCCCTGG,2313
P60HippoRep5P3_GTCAAGGCGGGC,3929
P60HippoRep4P1_TACCTGTAATGT,884
P60HippoRep4P3_GGGCATTGGGAA,586
P60HippoRep5P2_GAGTAGAAGTAA,1378
P60HippoRep2P2_CATCAAGCTAGA,1768
P60HippoRep2P2_CACATCACTCAT,1486
P60HippoRep4P1_CTGGTCTTGAGT,1331
P60HippoRep4P2_CGCTCCAATCGT,1777
P60HippoRep2P2_ATGGTAGTAACT,1444
P60HippoRep3P2_GTCCTGGGCGTN,1341
P60HippoRep5P2_GGCCGCATCTGT,1910
P60HippoRep6P1_ATCACGCGCCAT,1441
P60HippoRep2P1_TGGATGTCGAAC,2126
P60HippoRep2P2_GTCTGGCCATGC,1724
P60HippoRep6P2_GGTAGCACCATA,780
P60HippoRep3P3_ACCAGTAGAGTT,1110
P60HippoRep6P3_ATTTCTCCGAGT,1366
P60HippoRep5P3_GCCACCTCGTCT,2147
P60HippoRep3P1_ATTATACTTGCG,755
P60HippoRep3P1_CGTCACTCTCGA,3065
P60HippoRep6P1_TCATACGAGGAT,588
P60HippoRep3P1_GGCATAGAGGCA,1281
P60HippoRep3P3_ATCACTGCCACG,963
P60HippoRep4P3_TATTAGATTTTG,1081
P60HippoRep1P2_TCACCCTCAAGC,1936
P60HippoRep4P1_ACTACCATCCGT,1254
P60HippoRep4P3_CTCCCCTTAATC,3614
P60HippoRep5P3_CAGCCACCCGGA,1075
P60HippoRep4P2_GTCCGATGAAAA,5756
P60HippoRep2P2_CGGTCGCGTGCA,3448
P60HippoRep1P2_CGGTCCACCCAN,732
P60HippoRep2P1_TGTCTTTCTGGN,3654
P60HippoRep3P3_GACTCCGTTGCG,1786
P60HippoRep5P3_ATTGCTGAGGTA,5677
P60HippoRep6P2_CTGAAGTTAGAG,4002
P60HippoRep1P2_ACGCAGGCTGTC,11749
P60HippoRep6P2_GGATTAGGTGGA,3867
P60HippoRep4P2_CTCATGGATCAN,3307
P60HippoRep2P2_CCATACGTGGTG,1311
P60HippoRep2P2_CCATATTGACTC,2034
P60HippoRep3P1_ACCTGATGCTCT,19489
P60HippoRep3P3_CGAAGTCACTGA,2280
P60HippoRep1P2_AACACCGTTAGA,1891
P60HippoRep4P1_TGACCGCATAAC,1031
P60HippoRep2P2_ATTGGACCGAAG,1814
P60HippoRep4P1_GACCTTCCGACC,2009
P60HippoRep2P2_CCACAATTATAC,1414
P60HippoRep6P1_GCCTGGGACTCN,786
P60HippoRep2P1_TTCCAAAAACAT,5543
P60HippoRep2P1_GACATTCGAAAG,1252
P60HippoRep6P2_AGCGTACAGGCG,1383
P60HippoRep4P2_AACTGTGATTCT,8253
P60HippoRep5P3_ATTCCGTCGATC,514
P60HippoRep2P1_TGTAACAAACTC,1285
P60HippoRep6P2_GCCTCCTGTGAG,1568
P60HippoRep4P1_GACCCACCGCGG,2512
P60HippoRep5P3_CACCTTAGACCA,759
P60HippoRep1P2_CGCCCGGTGGAA,748
P60HippoRep5P1_TCCCGTGCAACA,633
P60HippoRep4P3_CTTTCGCTCCTA,2629
P60HippoRep5P1_TGACACGCGAGG,1768
P60HippoRep4P3_TAAGGTTGCCGT,633
P60HippoRep2P2_ATGGTGCTTCTA,882
P60HippoRep5P1_TTGCCGACGGTC,875
P60HippoRep5P1_AAGGTTAACGTT,1814
P60HippoRep3P2_ACGTTTGAGAAN,978
P60HippoRep2P1_GTGAGTAGGATA,5914
P60HippoRep2P2_AAGGAACTACTA,7522
P60HippoRep6P2_CGCTCAGGCTGT,2810
P60HippoRep3P2_ACCCCCTTCTCC,5088
P60HippoRep3P1_TAGGATCCTGAC,577
P60HippoRep5P2_CAAGAGAATCAC,7860
P60HippoRep5P3_CCCAGAGAACGA,4529
P60HippoRep3P3_TCTAGCGAGCGG,19305
P60HippoRep4P2_TCCTGCGCAGTG,1324
P60HippoRep6P3_TAAAGGCTTCAG,5273
P60HippoRep6P3_CTTTATAGAACG,2874
P60HippoRep5P3_CTCCCCTCTATN,1279
P60HippoRep4P2_TTTAAGTATAGT,1998
P60HippoRep1P2_CCTCTAAGAGAT,3264
P60HippoRep3P1_TCGTCTTTCTGN,22306
P60HippoRep6P3_GTTTCCGCGGTA,2961
P60HippoRep4P3_AGAGCTTCCTCA,745
P60HippoRep3P3_CTTCTACGTTTN,584
P60HippoRep6P1_CCTAACCACGAN,1548
P60HippoRep4P2_TGCAAAAGTTAG,1178
P60HippoRep4P3_GCGCATCTACCN,9305
P60HippoRep6P3_GTGGGATAGTGC,589
P60HippoRep3P2_AGTCAGCAGGTA,1229
P60HippoRep6P2_CAACGAAGCCCG,724
P60HippoRep3P1_GACTCAGGCCCA,1158
P60HippoRep2P1_CGCGTAAAACGG,740
P60HippoRep2P1_GCTTTGGTCCGC,1254
P60HippoRep3P2_TGTGTTAGTTTC,888
P60HippoRep3P2_AGCATCTACTGA,1119
P60HippoRep3P1_ATTATGTAGGTC,1171
P60HippoRep3P2_GCCCATTAACAT,807
P60HippoRep3P2_GACGCTGAAGGG,667
P60HippoRep3P1_CCGCGCTGAGTA,1596
P60HippoRep2P2_CCGGAGTGGAGC,1756
P60HippoRep2P2_CGAGACTGCTAA,916
P60HippoRep1P2_AAACGCTGTGGA,933
P60HippoRep3P3_TTAATGAAGCCA,1238
P60HippoRep5P1_TTGATGGTACAN,2082
P60HippoRep4P3_GTTCTTGGGCAN,1474
P60HippoRep6P3_ATTCGATTGGGA,750
P60HippoRep2P1_CAGATCCCCCCG,710
P60HippoRep4P3_GTTGTGAGGCTN,1060
P60HippoRep3P2_ACAATATTGCCA,741
P60HippoRep3P2_CCAGAGGCTGCG,729
P60HippoRep4P3_GGTAGTAGAGCG,964
P60HippoRep4P1_CTAGCAGGGAGA,849
P60HippoRep2P2_TATGATATCCCC,1776
P60HippoRep2P1_AGCTCTCTTCAC,1476
P60HippoRep5P1_ACCGCTAGGGCG,1348
P60HippoRep3P3_TTATTGAAGCTT,1974
P60HippoRep3P3_CAGCCCGTTAAT,896
P60HippoRep3P3_AGACACAGGCAC,1099
P60HippoRep3P1_CGAGTTGGTCCC,7372
P60HippoRep3P3_ATAGGTTAGATA,19974
P60HippoRep5P1_GCTACTGTTGGG,1796
P60HippoRep3P3_GGACAAGAAGCG,793
P60HippoRep3P2_TGCTATCCCGTT,16972
P60HippoRep3P3_TCCTCTGCAACG,1812
P60HippoRep3P2_ATAGAGTTACCA,1238
P60HippoRep3P2_TCCATCCTGATG,6324
P60HippoRep3P1_TCAAGGAGGTCA,8806
P60HippoRep1P1_GCTAGGAAGCTG,1567
P60HippoRep3P3_CATCTCTACGCA,17069
P60HippoRep3P1_TGTGGGTGTTAC,15446
P60HippoRep3P2_TGCAGATAACCG,6632
P60HippoRep3P1_ATCTACTAACTC,5684
P60HippoRep4P2_TGTGGTCACTTC,1740
P60HippoRep3P3_AAAAGGAACTCA,7681
P60HippoRep3P3_CTGTCACAGTCA,7177
P60HippoRep3P2_CGCCATGAATAT,12765
P60HippoRep3P2_ATGGAAGGTCCA,5992
P60HippoRep3P3_ATGGAGAACGCC,9386
P60HippoRep3P1_GTCAGCACGTGG,4831
P60HippoRep3P2_TACCCCTGCTCT,3575
P60HippoRep3P3_GGCCGATCGTAA,8471
P60HippoRep3P2_ATTCGTTATGCT,12718
P60HippoRep3P3_CCCTCTGGACTA,2875
P60HippoRep3P1_CATACGAGTGGA,17030
P60HippoRep3P3_CAATCCGCTGTG,10972
P60HippoRep5P3_ATAATCACTTTC,4411
P60HippoRep3P1_AGGGATGCCTCA,3700
P60HippoRep3P3_GTATGCTATAAT,3456
P60HippoRep3P1_GTGGATTAGGCT,2316
P60HippoRep5P2_AATCCTACTCAT,1458
P60HippoRep1P2_GCCCATCGGCCA,3280
P60HippoRep6P2_TATACGCCTCGA,3364
P60HippoRep3P1_TGTCTGTGAGCA,2710
P60HippoRep4P1_GCGGGTTCGGAC,3062
P60HippoRep4P3_TTACAACCAGGT,2596
P60HippoRep2P2_GGAGGAAGAACC,844
P60HippoRep4P1_AGTAACGGCTCC,2181
P60HippoRep6P2_GTACGCCGAAAG,697
P60HippoRep4P1_TAAGTAAAGTTC,1435
P60HippoRep5P3_TATGACTCTCTG,1059
P60HippoRep5P2_TTGACCGGAAGC,1573
P60HippoRep3P1_GTAAGCACCAAA,3525
P60HippoRep5P3_TCCTGACTCACT,1085
P60HippoRep3P3_ACCGAACTCATT,3936
P60HippoRep6P1_TACGCCAGTTGG,2701
P60HippoRep2P2_AGCAGTTTAGAT,2731
P60HippoRep5P3_GTTCTTTTTTGN,645
P60HippoRep2P2_GTGCTGATCTTC,5682
P60HippoRep3P2_GCAGTGTAGGCN,1025
P60HippoRep5P3_CCGTTTTTCTTC,7054
P60HippoRep4P1_GTATATTTCGGA,589
P60HippoRep5P1_GTCACTCGTGTC,997
P60HippoRep3P3_ACCTCGTGTTCA,4637
P60HippoRep3P3_TTGACGTCGCTG,1452
P60HippoRep3P2_CCCCTGGGTCAG,1754
P60HippoRep5P3_CTAGTAACGTAT,606
P60HippoRep6P1_TCTACGGTGTGN,1269
P60HippoRep1P2_CGTAACCGTGAT,3514
P60HippoRep4P2_AGTCGATTTGAC,1660
P60HippoRep4P1_GTTGATGTCTAN,581
P60HippoRep1P1_CGGGTTAATATA,4086
P60HippoRep3P3_ATACCCTCCATG,1414
P60HippoRep2P1_TCTATCGTGAGT,2303
P60HippoRep6P1_TGGATACTTAAA,883
P60HippoRep3P1_TGAGACACCGAN,1424
P60HippoRep4P1_ACGGGTGGGGAG,520
P60HippoRep2P1_GCATACAGGGCC,3518
P60HippoRep1P1_GTATAACTCCAT,1454
P60HippoRep5P1_CGGGCCTGAGGG,1580
P60HippoRep2P1_CGCCCGTTTGAA,2204
P60HippoRep2P2_CAAATGTCGGCC,1374
P60HippoRep3P3_ATAGACGGGATG,557
P60HippoRep2P2_GTGAAATCTCCG,766
P60HippoRep5P3_GGAGTTGCCGAC,2702
P60HippoRep4P2_AATAATGCGTGA,610
P60HippoRep4P1_ATTATGCCGCGG,707
P60HippoRep4P3_GACCTATATACG,1136
P60HippoRep2P2_GCGAATTCGAGG,1506
P60HippoRep2P1_ATGGAAAGATAN,799
P60HippoRep2P2_CTACAATTGAAA,1273
P60HippoRep4P2_TCATTCAAGAGC,603
P60HippoRep4P1_TGCCCGTCGGCG,798
P60HippoRep2P2_CTCCTCATGGTA,716
P60HippoRep2P1_GTAATTCTTCCG,1169
P60HippoRep5P2_CAGGTAGCTTAN,530
P60HippoRep3P1_CCACGAATCCGA,2091
P60HippoRep2P2_GCGTATATCTGC,2058
P60HippoRep6P3_GCGATGTTTCGT,1014
P60HippoRep2P1_CGCAGATTTGTT,1148
P60HippoRep2P2_CCTAGTTACCGC,609
P60HippoRep3P3_GACCGGCTGGAT,737
P60HippoRep6P3_GACAGGCAAGGA,1425
P60HippoRep4P3_CTATAGGACTTG,2111
P60HippoRep4P1_CTATAACTACCN,726
P60HippoRep3P1_CTCCCGTTACAT,849
P60HippoRep2P1_ACGATCACTAAG,840
P60HippoRep3P2_GACGGGATCACA,738
P60HippoRep3P2_GCCGCCAAGGTG,2594
P60HippoRep4P3_CATTATAGTCAA,943
P60HippoRep2P1_ACCCGGGGAAGG,961
P60HippoRep3P1_CTTTCAAGTCGN,942
P60HippoRep5P1_CTGTGCAGTTTA,658
P60HippoRep3P3_CTCACTACGGTA,770
P60HippoRep3P1_TATAAAGCTACT,1107
P60HippoRep3P1_GTGCTACCTGAA,671
P60HippoRep2P2_TTAAACCGGACC,594
P60HippoRep2P2_AGCTGCCCTAGT,1817
P60HippoRep3P1_TCGCAACCGATT,891
P60HippoRep3P2_AGCTGATACTGT,650
P60HippoRep3P1_GCGGTCTAACGA,1695
P60HippoRep4P2_CGTGTAAAGGGA,1168
P60HippoRep3P3_GCGGTTATCTAA,2039
P60HippoRep1P2_CCCATGCAGGTA,1944
P60HippoRep3P3_CTGATAGGCTGT,1008
P60HippoRep3P3_GCACCGCGCGCG,1334
P60HippoRep5P2_GTATACTTTCAA,1203
P60HippoRep2P2_TTGGGCCAAACG,601
P60HippoRep2P2_CATGCCACTGAC,3618
P60HippoRep5P3_TCCCAAATAAAG,5557
P60HippoRep6P2_TCTTCAGGCGGC,1354
P60HippoRep6P3_CGAACCCCCTCT,904
P60HippoRep4P3_TTACAACTTGGT,2519
P60HippoRep3P2_TTTTAAATGGAG,3370
P60HippoRep4P2_CGCCCTCGGGAC,1258
P60HippoRep2P2_TTGTTGTGGGAC,3507
P60HippoRep5P1_AGCTGCCTTCTA,646
P60HippoRep3P3_TAAAGTCACTTG,1375
P60HippoRep2P1_GTACGTACGAGT,7871
P60HippoRep6P2_GCTTGGCGCGTC,1440
P60HippoRep2P2_ATCTATATACTC,1127
P60HippoRep6P1_CAATCTTCGGAT,859
P60HippoRep5P1_TCGCTACTAACA,540
P60HippoRep4P1_CTTGAAATCACA,1500
P60HippoRep4P1_GTCTTCTTGGAA,1350
P60HippoRep2P2_CATTCGGTTAAG,4960
P60HippoRep2P2_ATCCGTGAAACT,11353
P60HippoRep5P3_CTGATCCCAGCT,840
P60HippoRep5P2_ACACATAGGCCA,966
P60HippoRep6P2_ACTCGCCAGCGA,1684
P60HippoRep2P1_GCGGGCAGTCTT,6718
P60HippoRep4P1_GTTCTTGCCATG,3065
P60HippoRep6P1_CCGCTACGGGGA,1505
P60HippoRep1P1_TAAGGACGCGCT,1519
P60HippoRep2P1_GCTCACCCACGA,2366
P60HippoRep3P1_CCTGGCGCCGAN,1165
P60HippoRep2P1_GTGATTTCCCAG,10359
P60HippoRep1P2_GTGCGTCCCTAT,5763
P60HippoRep3P2_GATGGTGATCTG,2506
P60HippoRep1P2_GCATGCGTCGAC,2195
P60HippoRep3P2_ACCTCGTAGCCC,742
P60HippoRep3P2_CATGAAAAATTT,1041
P60HippoRep4P3_CCATGAAAAAAG,935
P60HippoRep2P1_TTCTCTATTGTG,1754
P60HippoRep2P1_GTCCCTTGCCAA,26856
P60HippoRep3P2_CCCCTTTTACTA,1371
P60HippoRep4P1_CTTGCCGTTCCT,3411
P60HippoRep5P2_GTGCTCCGGCAG,10869
P60HippoRep4P3_GAGTGAGGTTGG,1625
P60HippoRep4P1_TATCGACTGGCA,922
P60HippoRep5P2_CTTACAACTACA,1196
P60HippoRep2P2_CCTCCCGAAGCC,2359
P60HippoRep2P2_TCAGGCCTTCAT,1203
P60HippoRep2P1_CAGGATCGCCCN,1844
P60HippoRep5P3_CTGAACGACACN,579
P60HippoRep4P3_TATCGAAGTCCA,492
P60HippoRep4P3_GCGGCCTAGGAT,1691
P60HippoRep4P1_AAGAGGGCTCCC,8705
P60HippoRep4P3_CCTACGCTTTTA,1357
P60HippoRep1P2_TCGAAGGCCACG,2774
P60HippoRep5P1_TTCGCATATCTN,2079
P60HippoRep3P3_TATGGCTGTGTG,3131
P60HippoRep2P2_GTATAACCGCTA,1733
P60HippoRep4P2_CGCGCGTGCTAN,23455
P60HippoRep2P2_GTCGGACGTAAG,1432
P60HippoRep2P2_GCCGTATGGTCN,2598
P60HippoRep2P2_GTTTTTCCTGGN,6162
P60HippoRep4P2_AGCGCTCCACCN,762
P60HippoRep1P2_TATAAGAAGTGC,704
P60HippoRep5P3_CTAGAAACCGGA,1087
P60HippoRep2P1_TCGCTTTCCAAT,4968
P60HippoRep3P2_TTCTCTCCTGGT,4173
P60HippoRep3P2_GCGGTAAATACT,8244
P60HippoRep5P1_CACTATTTTTGT,1296
P60HippoRep4P2_CGCCCCCGCTCG,9042
P60HippoRep3P1_GGTAGCTCAGTA,2865
P60HippoRep4P3_AGTACCCAAAAT,2300
P60HippoRep5P1_ATCACAGTTATT,786
P60HippoRep5P2_TAATTCGGATAN,1266
P60HippoRep2P2_CCAAATATGGAG,1222
P60HippoRep5P3_GAGGAATTGCTT,946
P60HippoRep5P2_GACCGCTTGAAA,2980
P60HippoRep4P3_AGACTAAGCGAT,1593
P60HippoRep1P1_TGGCCCGGTGCT,4182
P60HippoRep2P1_TATCACCTGAGG,1112
P60HippoRep4P2_ATGGGTAGGTCT,586
P60HippoRep4P2_ACATGTTATTAG,800
P60HippoRep1P1_CCAAGTAAGGCT,1934
P60HippoRep1P2_TAGCGGTACGAA,5007
P60HippoRep2P2_TATTTTCTAATA,2241
P60HippoRep2P1_GTGCGATGCTAG,2597
P60HippoRep3P1_GTCGCTGGAAAT,1044
P60HippoRep3P1_TTCTGGCGTCGC,3302
P60HippoRep2P1_TGAGTATGCTTA,506
P60HippoRep4P1_TTCGGAGAGGAC,1338
P60HippoRep5P2_CAGCGGAACTCT,489
P60HippoRep4P2_GTAATTTCAATA,1950
P60HippoRep3P3_GTAGAACGCCAA,4754
P60HippoRep2P1_TGGCCGAGAGTT,3418
P60HippoRep3P1_TGTGGGATGATC,1476
P60HippoRep5P1_CCTGAAATCCGN,1065
P60HippoRep2P2_AGACGTCATAGT,568
P60HippoRep4P3_CGCCCTTAAAGC,663
P60HippoRep4P2_CCAGAAGGACTT,793
P60HippoRep2P2_AGCCAGAATTGG,566
P60HippoRep3P2_CCAATAAGCTGC,1360
P60HippoRep1P2_AAGGCTAGCGCC,1612
P60HippoRep4P3_AAGCTGGGTACG,545
P60HippoRep1P2_CGGTCAGCACGT,2758
P60HippoRep1P2_TTTGGCAGCTAA,612
P60HippoRep2P2_GATGCTCGAGTA,498
P60HippoRep2P1_TGCATGTTGAGC,558
P60HippoRep2P2_ACAAATCGGAGC,613
P60HippoRep2P1_CGACACTTTCTC,1260
P60HippoRep2P2_CTGTATCCTATG,1350
P60HippoRep2P2_GCAGTGAGCAAC,693
P60HippoRep1P2_TCATTCGGCACT,964
P60HippoRep5P2_TCAGCCGTTCCT,1099
P60HippoRep2P2_GCTGTGCCATGN,688
P60HippoRep4P1_GGTGTGGTTCGC,556
P60HippoRep2P1_GTAAACGGGATG,808
P60HippoRep3P1_GAGATAGACCCA,4324
P60HippoRep4P1_GAAGCCTTTTGT,957
P60HippoRep5P2_GAGGTGAGTCTG,647
P60HippoRep3P2_CCGCCCGTATCC,1120
P60HippoRep3P1_GATTAGGCTCTT,1232
P60HippoRep3P1_GTATCTTCTGAN,1094
P60HippoRep2P1_CTATAAATTGAA,911
P60HippoRep2P1_GAGCCCAGCTCC,1270
P60HippoRep3P2_GTGCGGCTAAGG,2900
P60HippoRep3P3_GCTACTTTAGCA,1831
P60HippoRep4P3_GCCCGGGATCCA,868
P60HippoRep2P2_CCTAGCTAGAAG,943
P60HippoRep4P2_CGTTGATGTCTG,843
P60HippoRep5P2_TGCTCGGGTTAN,3429
P60HippoRep2P1_TCCACACAAGTG,2183
P60HippoRep3P3_GTCTACCGAGAG,1739
P60HippoRep3P2_TACGGACGCCAG,1929
P60HippoRep4P1_CTGTGCGGTTTG,869
P60HippoRep4P3_CATGCAACTAAA,757
P60HippoRep3P1_CATGAATCTTGG,1592
P60HippoRep6P1_AGGTAGAAGGAN,923
P60HippoRep6P2_TTTAGGGACTTC,614
P60HippoRep1P2_ATCAGTGCGTCT,887
P60HippoRep4P3_GAAGGTTGGCAG,717
P60HippoRep3P3_GGTAGAAGGTTN,1030
P60HippoRep4P2_ACCAAGCTGGTG,662
P60HippoRep3P1_CGACTGTACCCA,2378
P60HippoRep4P3_TGTGCTCCATGA,978
P60HippoRep4P2_ACTGCGACATGA,589
P60HippoRep3P3_GGTTCGTGGGCN,852
P60HippoRep3P3_CGGCTTCGATGT,1907
P60HippoRep3P1_GTCTAATTCCTT,1384
P60HippoRep3P2_TGGTCCCCAAGC,931
P60HippoRep2P1_CCGGCACCCGTA,959
P60HippoRep4P1_CCGCTGATCAAG,751
P60HippoRep4P2_TCACTGTGTGAC,2170
P60HippoRep2P2_CAAGGTGGCGGC,808
P60HippoRep6P3_CGATGATAGTTC,956
P60HippoRep2P1_ACGTTAAGGCTC,2182
P60HippoRep4P1_GAAAAAAAACCT,1787
P60HippoRep3P3_ATCCAACTAGTC,1355
P60HippoRep2P1_TTGTGAGCTGTT,3916
P60HippoRep2P2_ATACAACTGGGG,2102
P60HippoRep2P1_CTTCTATGACTG,3157
P60HippoRep6P3_CCGCTGGCTCTN,835
P60HippoRep1P2_CCAGAAGCGAGG,2809
P60HippoRep2P2_CTAACACCATGN,842
P60HippoRep5P3_ATTATGATAACG,1781
P60HippoRep5P2_CCCCTGTTAATT,7738
P60HippoRep6P1_CCTTACTGTTAC,2621
P60HippoRep1P2_CAAACTTCGTAC,6193
P60HippoRep1P2_GATTGATTTCAC,919
P60HippoRep6P2_GAGTCCTGCACT,1145
P60HippoRep3P1_GTGCGTTTTATA,2376
P60HippoRep1P1_GTGCTGCCAAAG,1659
P60HippoRep5P1_TTGCGAGCACGT,2493
P60HippoRep6P1_TTTCCATCTGCC,2177
P60HippoRep2P2_TTACGCGGGGTC,2139
P60HippoRep2P1_CAACAACGTCAG,2902
P60HippoRep3P2_GCAAGTCATAGT,1072
P60HippoRep6P3_TTCTTGAAACGG,674
P60HippoRep6P2_ATCTAAAATGGC,849
P60HippoRep6P2_ACTATTATGAGT,1240
P60HippoRep6P3_GGCTACGAGCAC,972
P60HippoRep1P1_GCCCGCTTATGT,2260
P60HippoRep5P2_TCACCGGAGCCN,787
P60HippoRep6P2_CTACTGCTGAAG,1987
P60HippoRep2P1_ATTCCCCACCTC,2572
P60HippoRep4P1_GGTCCAATGCAC,3364
P60HippoRep3P1_ACCGCCTGTGTG,1743
P60HippoRep2P1_CCCGGTTGGGTC,1314
P60HippoRep1P1_TAATACTAGTGT,1758
P60HippoRep4P1_GTTAAGGTTCTC,917
P60HippoRep3P1_GCAATGTACTAN,1027
P60HippoRep6P1_TTGAGAAGTAGC,1296
P60HippoRep1P2_CGCCGCAGGTTG,2507
P60HippoRep2P2_CAAGCAGAAGTT,1379
P60HippoRep1P2_GAGGGTGCTATG,1589
P60HippoRep1P2_TATGCGGTTGTG,1479
P60HippoRep2P2_GACCAAGGAATC,1588
P60HippoRep4P3_ACGAGACTATTA,1493
P60HippoRep4P2_AAGTCTTCCATC,1287
P60HippoRep5P3_TTGCCTGATGGA,899
P60HippoRep4P3_TTAGGCGCCGCT,1277
P60HippoRep3P3_CCTCATGCAGTT,919
P60HippoRep2P2_CTCCTCTACCCG,963
P60HippoRep5P3_GTGGAGCAAGAC,575
P60HippoRep6P2_CCGGCAGATATC,656
P60HippoRep4P1_ATTTCGGACTGC,780
P60HippoRep2P2_TTGTATAGTTTC,1570
P60HippoRep3P3_GCTTGGTAGGTG,976
P60HippoRep1P2_TAGAGTCGGTCA,1926
P60HippoRep1P2_AAATCTGCAAAG,1541
P60HippoRep4P1_CAGCAATACTCG,761
P60HippoRep2P1_AGTGTAGTCACC,1754
P60HippoRep2P1_ATTCACCGGGCA,1219
P60HippoRep2P2_TATTTCCCGACA,1312
P60HippoRep2P1_AAGAGACTTTAT,1471
P60HippoRep4P2_TTTCACGTCCTC,549
P60HippoRep2P1_TGCCCTTGAGTN,557
P60HippoRep2P1_GCCCTGAGTAGC,456
P60HippoRep2P1_CTTGCTCCGCTC,645
P60HippoRep2P1_ACTGACGCCTAT,665
P60HippoRep2P1_ACCGCCGTGCGA,908
P60HippoRep4P1_CTATGAGACAAG,1073
P60HippoRep3P3_TCTCACGAATGC,615
P60HippoRep3P1_AGCCTGGGTGAG,919
P60HippoRep2P2_CAACCGCAGCGN,1148
P60HippoRep4P2_GGATTCCCCTTG,767
P60HippoRep6P1_GAGGCTGGGCGA,1421
P60HippoRep1P2_GGCTCCATCCTC,878
P60HippoRep4P1_GCAGTTTCCTTC,1316
P60HippoRep4P1_CCGGATTGAAGC,2918
P60HippoRep2P2_ATGATGCCAAGA,580
P60HippoRep3P1_TGGCAGCCTATG,708
P60HippoRep4P2_GCCCGTAACCAG,1059
P60HippoRep4P1_ATAGCCCACTGC,490
P60HippoRep2P2_TAGGACGAGGCT,710
P60HippoRep2P1_AATTCGAGTCCA,644
P60HippoRep5P3_TTGTGGTAGGTC,4244
P60HippoRep2P1_CTTTGCGGGTCA,551
P60HippoRep4P3_GGGTTCCCACGA,2703
P60HippoRep2P1_CTGATAGTGGCC,746
P60HippoRep2P1_TACCGGCATCTG,531
P60HippoRep2P1_TGCGAAAAGGTT,1263
P60HippoRep5P2_CGGTGCACGGCG,1143
P60HippoRep1P2_CAATTCTTTCAN,485
CCCCAAACACCG_0,21790
TTAACGGTCTGT_0,22504
CTCAAGATACAG_0,11275
GCTCTTAATATN_0,11614
TGATGTTTGACT_0,9265
GACGTAAATTCT_0,6484
TCAGGCAATACA_0,5631
GATGCCCCCGAA_0,6746
TCCGCTGTTCTT_0,5701
TTCGTTCGGAAC_0,5876
GCCGGGTGATTN_0,4232
CCAGTCGTCTGG_0,5879
TTGACGATTAAA_0,4833
GGGTAGCTTGTT_0,7216
TCCCGCAGCTAN_0,4479
AATAAGGTTGAG_0,6695
CGGTTTAGATAG_0,6222
ATTTAGATCCAT_0,6484
ACGCGCTGTCAN_0,4786
CCCACGTCCCGT_0,5318
CGACCTAGTACA_0,4231
TGAATCCTCATG_0,4455
ATCCGCTACGTA_0,3481
GTAAGGGCAATC_0,3532
CCAGCTGTACGT_0,3451
CTTAGAATGGCC_0,3296
GCCTTCATCGTG_0,3898
AAGCGTCGCTCC_0,2994
CTAACATGCCAT_0,3940
AGCTTGTCTTCC_0,3823
ACGACCAGGCCC_0,3417
CGTACCAAGCAT_0,4085
CCCCCTACCATA_0,3107
GTCCCATGCCGT_0,2963
TGGTTAAATAAG_0,3339
GACTAGTTTACA_0,3267
GGGTGACCGCAA_0,2746
GCGCTGAGATTA_0,3026
TTGTAAGTCTGC_0,3843
CTTAACATAGCC_0,3175
CACCCGTTTTGG_0,2395
GACATCATACTG_0,2943
CACAACCGATAA_0,2700
ACTGAACGTTTC_0,2915
TGACGGTTTATA_0,2705
GCCAAGCCCTGA_0,2528
CATTGCCCTGCG_0,2849
TTCGCCTAAAGC_0,2356
GGCAGCCAACTG_0,2906
TATTCACCGAAA_0,2616
CTCATCACTGTC_0,2702
CCACTTAGCTAA_0,2541
GACGGTTTAATT_0,2711
GGACAGTCACAC_0,2523
GCCGATTGGTCG_0,3463
CGGACCGTGTCC_0,2703
GGCTCCCTCAAT_0,2627
CGAGACATAGGA_0,2256
GCGATTACCCAG_0,2890
ACACATCGCGCN_0,2656
TATTCCAGTGCT_0,2466
TACATGGTCTTC_0,2886
TTGCCCATACCA_0,3060
CGTCACGATCTA_0,3534
GGTTCGCTGGGT_0,2327
CATCGTGCCCTC_0,2791
GACAGTAGTCGC_0,1845
CCTATAGTGTCC_0,3128
TTCCCAGCATCC_0,2458
AACCCACCGCCA_0,2908
TTGAAGTCTGCN_0,2617
GCGGTTCTTTTT_0,2545
CATCCCCAGAGG_0,2293
GAGCGGACGCCN_0,2104
GGAGTGCCGGAG_0,2824
CGACATCGATGC_0,1859
GAAGCGTTTAGA_0,1694
AGGGCAAAGCAA_0,2152
AGAGGACCACTA_0,3446
CCACAATTATTN_0,2093
CCGAGACGACTA_0,2356
CCGACCAGGTCC_0,2612
GCCGCGAGTGTC_0,2314
CTAAAACTTTCC_0,1985
AGTGACGGACTC_0,1997
CAGGGTATTCTT_0,2312
CTCAACCTTACC_0,2074
GCTATCGTTAGC_0,2304
GTGCCATGATAA_0,2176
TGTTGGTAGTCG_0,2436
CAAACAGCTTTG_0,2024
CAAGCAAGCCCT_0,2571
GTCTGTATCCGC_0,2036
AGTCCCCCTGAN_0,2489
GAGACTGCCGGT_0,2504
TCGTGCGTACAT_0,2182
ACACCAAGCATC_0,2397
AAACCGTCACGT_0,1918
CTGGTAGCCAGA_0,2155
GATTGGGGTACC_0,1665
CCGGGCAGGATG_0,2217
CAGAGTGACGCA_0,2270
ACACCCTGTGGN_0,2246
ACGCCACGACTG_0,2107
ACTGGCTCGATT_0,2665
CGTTAGGGGTAA_0,2021
GGCTACGCGTCA_0,2895
AGTGCTATATGC_0,2882
TCTCACTACCTN_0,2138
ACGAATTTCAGC_0,1979
GCGTCCGCCCAC_0,2867
AGTCCTTTCCGA_0,2291
ACCACGCTACTN_0,2097
GCCTATCCGCTC_0,1902
TGTCAGCGGCTG_0,2477
GACCGCTAGAAT_0,2286
ACTTCGCAATAC_0,2429
CACATGAACGCT_0,1849
CATTCGATTCAA_0,1810
GGTGCGAGTTAT_0,1970
AGTTAGATCTTT_0,2553
CAGGGTCTGCAT_0,1734
ATCCCAAGATTA_0,2185
CTTACGTGACTG_0,2122
TGCGAACGAAGT_0,1629
CGTCTCTGAACC_0,1765
GCGGCGTTGTAT_0,1378
AGGAGGATAGCN_0,2121
GAGTAAATCGCC_0,1117
ACAAGAACGATT_0,1650
TCCGCTGTGTTT_0,2148
GTTTTAGAGTGN_0,2256
CTGAATAGATAT_0,2085
CCTTCGAACACG_0,1638
CGCCGTACGCCT_0,2156
CACGTTCTTGTA_0,2264
ACAATAATGGGA_0,2381
GAGGATCTCCAA_0,1990
GGTTAGACCCGG_0,2421
CCGAAATTGCAN_0,1572
CTCCGGTGTGTC_0,1246
TACGCCTGAGTC_0,1955
CATCATTAAGAT_0,2270
CCGAGAGTATGN_0,1718
GCGGGGCACGAC_0,2877
CGGAACTATGGC_0,1600
TATAAGCCCACG_0,2141
TACTAAAAGCCC_0,2844
TCCCGGTGAGAG_0,1075
AACCATGATAAC_0,1492
CTCCAGACCTGC_0,1865
TATATGCGTAGT_0,2526
TTAGGGACTCTT_0,1912
CTTTCCAGATCC_0,2048
CTTCGGCTGACT_0,1956
TCGACGTGTACN_0,1690
CGCGTTTATCCC_0,2088
ACTCCGCCACGN_0,1852
GAACCCACCCAT_0,1893
AGTAACTTACGC_0,1745
CTTCAGTCGGAC_0,1517
TTGTTCCAGAGA_0,1873
CAATGCTTAACC_0,1638
GTCATTATTAAN_0,1870
TGACGTCCCTAC_0,1875
CCGCAAGTATAA_0,1950
CGAGCCATGCGT_0,1728
CTCGTAATATGC_0,2043
GAATGGGCCACT_0,1484
GACACAATCTGA_0,2006
AGGAGCTTCCCG_0,1738
GGCCTACTATCA_0,1730
TTATGTCTCGCT_0,2341
TTCACCTGCTCC_0,1846
ACTTTGTTGTCA_0,1670
ATTCCACGATCT_0,1685
CCAGAGCGGACC_0,2029
GAACCCATAGCG_0,1966
CACCGCCTAAAN_0,2005
ATACTCGGATGC_0,2448
CATAATAACTTG_0,2221
CCTAGGTCCCAG_0,1923
CAGGCTACTGGC_0,1819
GGACCCTCTGGC_0,1607
CAATATACACAG_0,2570
TCCAGTCAGTAT_0,1084
TTCTGCGCAACA_0,1768
GCAGGTTTGCAT_0,2294
CGGTCAATCACC_0,1586
CCCGGTAGCGGT_0,1915
GCGTCGATTCTT_0,1906
TTGCCTCCGCAC_0,1907
CCACGGAATGGT_0,1583
GAGGCCTTCAGC_0,1454
CCGGAATACTGT_0,1282
CCGAAAGGTTCN_0,1697
GGTAACTCCTCC_0,1661
CAACATTACCAG_0,1387
GGCCGATTTTTT_0,1739
CTGAGTCACTCN_0,1505
GCCGGCCTGTGG_0,1060
TATTTTTTCCGA_0,2480
GTGTCTAACCGG_0,1769
ATCCGTGTATGA_0,1905
TCTTAGAATACN_0,1837
ATCGTTGTAAGG_0,2120
TGTCCTTCGATT_0,1907
TCCCTGAATGCC_0,1952
CTAGGAGATGTT_0,1577
TCGCTCGCACGA_0,1388
CCACGCGGACCC_0,1954
CAGTAGTAGTGG_0,1531
CGCATCTCGGGC_0,1846
GTTCCGCAGGAT_0,1689
ATCGATACGGAA_0,1495
CCGCAGTTAGGN_0,1783
TCCTCGGAACTC_0,1577
TCCCTGAGTAGG_0,1698
TTCACGGTCCCA_0,1468
AAACACGACCTA_0,1381
CCCTCATACTGG_0,1640
TGACGCCCCGCN_0,1626
GTAACCTAAGAC_0,1604
GTTCCGGGCGAA_0,1510
CATCGCAGGTTT_0,1321
CTTCATTCGGGC_0,1614
CAGCGCAGATTG_0,1304
GAATACTCGCTN_0,1654
GTCAAAGACAAG_0,1573
CGACTCACATAA_0,1603
GCCTAGCAACAC_0,1663
GAAAGGCGAGGA_0,1597
CCCGGTGCAATC_0,1277
CACCCGAGGAGA_0,1502
TCCAACCTCCAT_0,1876
ACGCGTCCAATN_0,1553
GCCGCCTCATCG_0,1860
ATACGCAATAGC_0,1748
TAACCCCTCTGG_0,1771
GGCCGCCTATAA_0,1720
CAGGAGTAGTCN_0,1566
TGCGGTGAGAGC_0,1305
GGAAACGTGCCN_0,1488
CCCCGGGAACGC_0,1299
GCTATGTTACTG_0,1601
TCATCTGAGATC_0,1406
TTAGGAACTGGT_0,1678
CACAACTCCCCC_0,1853
GTAGTGTGATTC_0,1476
CGGATACGTCTT_0,1393
GTTTTTTGCGAA_0,1270
GGATTTAGAACT_0,1924
CAGAACTCGTCG_0,1414
CAATCTGATAGG_0,1671
CCGTCAGACTCA_0,1160
CTACACGTGTGC_0,1376
AGGAATCGGATC_0,1399
CACGGTACCACC_0,1348
TTACTTAGAACA_0,1407
CTTGCCCTAGCT_0,1285
AACAATGCCCGT_0,1662
CTGACCATAAAA_0,1380
CGCGTCCTTAAG_0,1531
AATCCCTATGAC_0,1394
GACAAGAATTCG_0,1005
AACAAGGCGGCG_0,1783
CCCCTAAACATA_0,1689
ACGACTGACATC_0,1513
ATGTCGCGCTGT_0,1713
AGGACAATCGTA_0,1608
AATGATCGCCAT_0,1611
TCTGGATTCACA_0,1803
TCCACAGCGCGN_0,1181
ACTTCCGCCACG_0,1285
TGGATCGGATTA_0,1537
CGCAGTGACCAG_0,1573
TCTAGATGCACA_0,1548
TAGCGGACCCCA_0,1404
CACAGATACAAC_0,1385
ATAGCTTGGCTA_0,1694
TCCTCTCCGTAN_0,1395
GCAGTATTTGGA_0,1651
GCCCCAACTTGT_0,1487
AGTTAAGCTTTA_0,1542
GGCGACTATCTG_0,1518
CCCGACATACCN_0,1439
TTTACATCACTA_0,1957
AACGGAAACCGA_0,1284
GCAGTGAGCTTG_0,1270
TACCTCCACTTA_0,1270
AGACGTGCATCG_0,1581
AGGAAGTCGCCG_0,1761
TCGCTCCGCTGA_0,1791
GTGAGAACCCCT_0,1738
GGTTGCTGTGAG_0,1600
ATTGGGTAAGTG_0,1494
TCACGGGTTTAT_0,1306
GTGAACCGCGCA_0,1145
GGCGACTTGTGG_0,1421
CGCGCTGCGATA_0,1693
GCGGCGTGATTG_0,1391
CGTGAAGCGCGT_0,1543
GAACATGGCCTA_0,1517
TAAAAGCTCGAA_0,1320
CATCACAAACGT_0,1152
ATTCCCACACAC_0,1472
CCCATTACAACA_0,1542
TTTGCCCCGCGA_0,1471
TACGACATGGGT_0,1195
CAATCTACTCTC_0,1202
CAACTTCTTTCC_0,1636
AATACTTCGACT_0,1787
GCCAGCTCTTAN_0,1151
GCCCGCCGGCCG_0,1104
TAGAACTTCAGT_0,1364
GTCCGTCCTATT_0,1454
TGGTATAGAATG_0,1328
ACCGAAATTGCA_0,1187
CAAAGAAGGCTN_0,1159
CCTGCCCTGCAT_0,1639
TCTGTGTGTAAG_0,1598
CGCCGTGTTTGT_0,1263
CGCACGGTGCGG_0,1336
GAGCACCAAACC_0,1209
CCCCGTATGATA_0,1406
ACAGATGACTTT_0,1556
CAACACCCGACC_0,1486
CAATTGGAGAGA_0,1360
GTCGGTGCTCTT_0,1703
CGCCAAACTAAT_0,1216
GCGATTAATTGA_0,1198
AATGCCAATTAN_0,1475
TTTCAATCATTC_0,1788
GTGAACGAGTAA_0,1352
TAATCCTCGCTA_0,1766
AACCCAGTTCGT_0,1422
AGAATACCCCTG_0,1354
AGTAGATCTTTN_0,1550
AGCATGCCCTAG_0,1168
CCAGGTGTTGTN_0,1182
CTGCATATCTTG_0,1384
GTATTTGTATTG_0,1425
ATTGCGAGTCAG_0,1510
GAGCACCACTAT_0,1175
CATTCATCGGCG_0,1149
TGAGTGGAAGTA_0,1413
TTGATAGCGGCN_0,1079
CATAGCGCCCAN_0,1267
GAATAAGAGAAT_0,1200
ACAAGACTCGCT_0,1202
TAGCCCTTCGAG_0,1251
CTAAGCAACTAA_0,1143
TCAAGTCCGCTC_0,1250
CAGAGAATGGTT_0,1028
CGATGGTCGTGC_0,1276
TCTTCGATTGAG_0,1270
CAATAAAGCAGA_0,1220
GCCCTTTGTATT_0,1246
TCGCGATGTGTC_0,1066
TGAATGGTCTTG_0,1252
ACCCCGGTGAAG_0,1002
CTGGCCATGTGA_0,1101
TGCTCGCTCATT_0,1114
AGATAAGAATAC_0,1286
ACCCAACCGCTC_0,1462
TCTCGTACGGTC_0,1413
TAATCTATGATN_0,1587
TCAGTCCCTGCT_0,1248
AAGATTACGTTC_0,1223
ACGTATGAGGGC_0,1232
CTGTGACCCGAG_0,1079
CGCCTTGGTATA_0,1024
ACGCGTATTGGG_0,1194
AGTTCTGTAAGC_0,1532
GTAGACGGTATG_0,1077
TTGCGCTAATCC_0,1257
GTCGACGCTAGC_0,1021
GCGCCTGATTGA_0,1189
GATTCATCCGCA_0,1162
GGTAGTTGAGGA_0,1153
TGAACCACTATA_0,1276
TCCTTTAACATG_0,1348
TGTTGACAGGTG_0,1610
ACCGTACTTCAA_0,1187
AACGGGACAGTG_0,1234
CACCAAACCTAG_0,1082
TCAATCTGGCTN_0,1023
CAATCTAATGCN_0,1120
CACGATAAATGA_0,1122
GGCTGACAGCCC_0,1015
CCGAAATGGCCT_0,1140
TAGTGAGGAATA_0,1341
TGCATCTGTGAG_0,1051
GGTACGCCTGAC_0,1139
ATTTGAACTGGC_0,1139
TAGTCTTCTCCA_0,1509
TTTAGACGAGCG_0,1340
ACCTAAGAACGA_0,1002
TCCATGCAGCGT_0,1265
GAGAAATTACTT_0,1166
GATTTTATGAAA_0,1099
CTGTGACCCTAN_0,1074
CAGAATCCGGAN_0,1139
TTTTACCGCGTA_0,1408
AATCACTGTGCG_0,1101
GCCTGTGTTCTA_0,1188
AACGACTTAAAA_0,1015
GCGGTTCTAGAC_0,1073
TGGTTAATTAGG_0,1413
CGCTGATTGGTN_0,1100
AACTTACATATG_0,1080
TATTGAGTTCCT_0,1462
TCTCGTTAGAGN_0,1043
AGACATGAGGAC_0,1153
AGTTTACTTCCG_0,1430
CGACAGTATACN_0,1071
AGTGGGCTTGAT_0,1101
GTATCATAGGTN_0,1084
AACACGTTACCG_0,1126
GAGTTCCTAATG_0,1149
AACATGAGGACN_0,1046
CCGGCGTGTCTG_0,1194
CCGATTTTTACT_0,1336
ACTCTTTGCGCA_0,1207
ACGCCCAACGTT_0,1000
ATTTGATGACTC_0,1389
CTTAAGAGTGTT_0,1147
GAGCGATACCGT_0,1040
TAAGCCATGCAN_0,1337
CTTACAGACGCN_0,1015
GGTAGCTTGTTN_0,1243
ACTAGCCTTTGG_0,1194
AGCAAGGTCCCN_0,1329
AATCCTAGGAAG_0,1043
GATCCTGTACCT_0,1151
CGCCTATCCGGT_0,1283
CCATCTGTAGAG_0,1010
GGGACGTAATTC_0,1086
TGTTTTTTTGAG_0,1573
GCTGGCCCAAGT_0,1015
AGTTGCAACGTT_0,1232
TTAGGAATGGTN_0,1001
ACTTCTAAAGTC_0,1479
GGTTATACGAAG_0,1249
GCTGGCCCCGAC_0,1187
TAAGGGCATGCC_0,1044
TAGCATGTGGTA_0,1193
ACAAATAGTTGG_0,1005
AGTTGATGCCTG_0,1069
TAAACTGAATGA_0,1131
TCTCATCAATCC_0,1111
AAAGTATTGCAC_0,1045
AGATAGGTATGT_0,1094
CGAGTAATTAGA_0,1054
TATGCTTCGATN_0,1050
GCGGCCCCTCGC_0,1094
TTTCGTGGACGC_0,1351
AGTAGACGTCAA_0,1014
GGTGTAGGACTA_0,1201
TCTTAAATCCTG_0,1115
AGTACTACAGAG_0,1012
AGTAATTTGGCT_0,1032
GCGCGCTGTCAN_0,1638
ATCGATCATCAN_0,1051
CCCCAAACCCCG_0,2138
GTCCGCTACGTA_0,1132
CCCCAACCACCG_0,1379
GCCCAAACACCG_0,1003
GTTTAGATCCAT_0,1248
GTAACGGTCTGT_0,1560
ATAACGGTCTGT_0,1410
CACAAGATACAG_0,1034
TGTCTTACTGTT_1,27722
GAAGCCGAGACA_1,10908
GAAGCTACCGGT_1,9091
TCACCATCATAC_1,10197
CTGCACCCCACN_1,10573
GCGATGTGATTC_1,7629
ACCAGATGTCTT_1,7911
AGTCGCCATGAG_1,7166
CCATAGTCTGGA_1,8614
TAGATGTAGATN_1,7621
GGCGGCGGTGGC_1,6280
CCTGTGGACATT_1,5611
CCCAGCCCGTCT_1,4675
ATTCTCACACGT_1,9249
GGTCTGCAAGTC_1,4269
TGGCTTGCCTTT_1,5767
GCGAACACCCAG_1,4133
AGCTATTGACAC_1,4618
AGCGAAGAACTC_1,5011
CACCCTCATACA_1,4740
TTTGAGGAAACT_1,4345
AACATCCCCTTA_1,4495
GGTTGAACGGGA_1,4290
CTACTTGGCAGG_1,4056
GAGTCGGAATCT_1,3882
AAGCTACTTTTG_1,5159
AAACCAAAGCTT_1,4123
AAGTTTTGCTAA_1,5110
TGTCTCGGACTA_1,4722
GCTATCCTCCAT_1,5504
GTTGGACTTGGG_1,3960
TCCGCCCCTCCG_1,4972
AATCCCCATTAC_1,4338
ATCACGGAAGTA_1,4020
TGCAACCGTATT_1,3984
CGGCCTTTCTTC_1,3469
AGTTCGTCTTGC_1,3902
TCGCCGGAGTTT_1,3284
TCTAAACCCCAT_1,4918
TATTACGCGTCA_1,3881
AAGAGGGACGGG_1,3335
CTCACCTGAGCA_1,2808
AGGATTGGGTCC_1,5401
GCAGTCGGTTAG_1,4686
TACAACCCACAG_1,3340
TCAATGGTCTCC_1,3712
TAAAGCTAATGC_1,4452
TCTCAGAGGATC_1,2700
AGCACTTATCAN_1,4777
CTTCCTAGCCTT_1,3631
TCACCAAAGACC_1,3103
CATCAGACAACG_1,3346
GCAAAGGTTTAT_1,2960
GCCTACACCTCG_1,2861
CGCTTTTCGGTT_1,2412
GCCAACCCTCTC_1,3846
ATCGCCTTGTAT_1,4078
ATGGAATGCTAA_1,3302
TCGCTTTTGCTA_1,3341
CTTCACGACTGT_1,2798
AAAGAGAAGGGA_1,2867
GGTGGGAGGCCG_1,4463
GCTCAGCTGCAG_1,3478
CCCGCTCCCGTG_1,3527
GGTAGATAACCA_1,2906
TACGCTCCCTTN_1,2956
CTCCACCCACGC_1,3659
CAGAACTTCCTA_1,2966
AAGGCCAAAACC_1,3046
CATCGATTTCCA_1,2634
GTGGACCCAAAC_1,2186
GACACCCAAGTA_1,3238
CGTCGAGCTGCG_1,2966
ACACTTTTCTCN_1,3917
CCCATGGGGGAC_1,2435
CTCGATCTTTTC_1,3024
CCCGCTTGAGAG_1,3062
CCTCCCTGGATG_1,2631
TACCAGACACCT_1,2970
TGAAAAGTTGGA_1,3014
CGTACCGCCGTC_1,2862
CGGATCGTTAGT_1,2282
TTCGGTGCAGCT_1,2694
GATCGCTAGGTT_1,3265
CTCAACCTAATT_1,2350
CTCCTTTCTGGG_1,1626
CGCATCGGAGTG_1,3084
CCCGTTGGATGA_1,2992
TCAGGCCATCCG_1,2646
CTCGTAAGCAAG_1,2146
GCACACCTCTAT_1,2698
CGGAATCATTAT_1,1918
GTATCCAGGAGT_1,2866
GGCTGAGATAGC_1,2619
AATAGTCTCCAG_1,3780
CAAGCACCAATG_1,2449
CCAGGCGGGCGT_1,3566
AACCCGTGGTAG_1,2667
TGATGTATGACT_1,2936
ACACGGTTGAAC_1,2290
ACGTGATGCTAG_1,2386
GATTATCGCTAT_1,2599
CGAGTAAGGAGA_1,2190
TTCTACGCCCAA_1,2866
TACGAATCCACG_1,2653
CCAGATCGCTCC_1,2100
CTCCGTACTTAN_1,2618
TAAGTAAAAGTT_1,3289
CAATTAGTAAGT_1,2235
ACAGGTCCGTGA_1,2864
TCCCATCAGTGA_1,2456
ATTCCGCTTCCA_1,2685
CAATTAAACGGC_1,2399
CCATCTCTCCTC_1,1811
CGTGCCTCCCAN_1,3773
TCCTTACTCCAG_1,1949
CTCTTGGAACCN_1,3117
CTCCTAATTAAT_1,2439
CCTCAGTAGTAA_1,2723
TCGTTAGCAACN_1,1895
ATTCCGGCTAAC_1,2199
TTTGCAATCCAC_1,2563
TACCTAGAGTTG_1,2617
TTCACGACCCTT_1,2754
GCGCGCCAAGAA_1,2411
CGGGTTAGAATC_1,2021
ACGATTTCTACG_1,2990
CCGGCAGCCGCN_1,2587
GATTTGGAATGN_1,2285
CCTATTCGACCC_1,2580
CGTTTTGCACGA_1,3202
GTGCGAGCCGTT_1,2171
GTGACTCAGCCG_1,2939
GAATAGCCACCT_1,2567
AAGAGTACAGGC_1,2329
CGGTGAATTTTG_1,2157
ACAAATTGTGTG_1,2396
AACCTACACGAC_1,3046
TACCTCAGCCTT_1,1631
GGTAAGGGGAAG_1,2186
AAAACGAGATTC_1,2155
GCAAGAGTCATA_1,2707
GTCCGTAGAATC_1,1615
GTGTGGCATACC_1,2716
ATCTCCACCATT_1,2470
TAACGTAGCTCA_1,2232
CTCTGTGGGTTG_1,2246
TCCTAACCCTCC_1,2250
GCGGCTCCGTCC_1,2729
GCCGGACTATGN_1,1748
AGCGTGAGTGGA_1,2125
GCTACCAATCCA_1,2210
TGCCATGCCAAC_1,2313
TCTACTGAAAGT_1,2420
TAAAGTGATGCA_1,3479
CCGGCAAGAAGT_1,1738
GTCAGCACCGCC_1,2509
GTGTCAACGCCN_1,1675
CGGATCCCATCA_1,1188
GGAGTCATATTA_1,2765
GCTGTTTGTTTG_1,2820
TGTAACATGTTG_1,2211
GATTACCGTCTC_1,2206
AAGCAAAAGACT_1,2313
GCGTAGAATTGC_1,1943
TGAGAGCCCCTC_1,2056
TGCTCCGTCCAG_1,2426
GCGTAAAATCTC_1,1121
TAGCACGTCAGT_1,2239
GGAGGCGCCCGT_1,1977
TGTAGGCCAACG_1,1726
GCCTATCCTTGG_1,2732
GGTTCGCGGGTG_1,2112
CCCAAGGCCTAT_1,2329
GTGAAAGCTCAC_1,2046
AATCTCGGGTCT_1,2864
TACCGCCCCGCT_1,2272
CTTTTTCCCCGA_1,1494
ACCCCAGTCAGG_1,1989
GGGATTCTTTTC_1,1998
AGTTCTCTATGA_1,3450
AGTAAGCACCCT_1,2417
GTTTTGGGAAGG_1,1959
ACCAGGCTCCGT_1,2297
AGAGCGTCACTG_1,2204
GCCATCGTGCGT_1,2510
GGAGGAGAATGA_1,2321
GGCCCCTAATCG_1,2429
CGCAGAATAAAG_1,1720
AAGTGGCCAGCT_1,1298
TCCATATCTTCA_1,2179
TTTAACACGTAC_1,2368
TGGTCGTCTCGA_1,1673
CTTAGCGCCTAG_1,1627
GCTAGGTCGTTA_1,1856
GAATCATTTAGA_1,2406
CTCGACTCATCA_1,1854
CCCACCCTCGGT_1,1308
GAACATTTTTCC_1,1860
GAGGACCCGTCT_1,2205
TAATTACGAAGN_1,2520
GAAGGCCTCAAG_1,1849
GTTCGACTGTCN_1,2000
GGCACGACCAAG_1,1581
CCGTCACCGAAC_1,1689
GTTACACGCCGA_1,1642
CAATAGCTTTTT_1,2145
AGTCCTGTCGCC_1,2550
TTAGCTCATCAG_1,1888
TCTCCACGCCGA_1,1553
CTGAAGTCACAT_1,2714
AGGCGACCTTTC_1,1713
CTCGCTTACTGC_1,1967
TGGCTCTGGCCC_1,2634
GTGCCAAGCCTN_1,1449
CGAACCTCTCTT_1,1781
GCTGCACGCGGC_1,2602
AGTTGTTAGTTG_1,2928
CATTCCGATAGA_1,2389
CGTCACACTTTC_1,1773
TGCGCCGGTTTA_1,1986
CCCGATTTCAGC_1,1460
CCCGAACGGCCG_1,2306
TCACGCTATATA_1,2816
TGTTATTGGTCA_1,2466
GTCGAATATTGG_1,1781
GTGCACAACGGC_1,1959
CCAGCTTGTATN_1,1615
GACAAATGTAAT_1,2582
CCCATGACTAGA_1,1656
GGGCCACTGCGC_1,2267
CTCACATATTCC_1,1092
CGTTCCAGGGTC_1,1627
GGGAGAGCCGTG_1,1807
CAGAGCTAGTCC_1,1479
CAGCTACCTCAG_1,1208
GACCTTAAAGGC_1,2116
GCGACGATGCAC_1,1654
AAGGCGGATGAA_1,1597
AAAATGATGACT_1,1975
CTATGTCGAGTA_1,1573
TGAACACATCCC_1,2052
CAGTCGGCGTTN_1,1615
GGTCCCGATGTG_1,2551
GATCCCCGAAAC_1,1811
CCGGATACCGCT_1,1626
CCTGAGTGGAGA_1,2046
TCCGGGATCCGT_1,1623
CGTAGATCGGTG_1,1698
GCCCTAACATTA_1,1121
AATGCACACCGN_1,2040
TCCCAGGCGTTN_1,1722
CCGCAAAGTATT_1,1571
GGTTACGTTTCA_1,2164
TAGGGACTTGCC_1,1916
GCTCAAATTTCT_1,2294
GATGTATCCACN_1,1989
CTACCTCGTCGT_1,1893
GTGAGCCCCTAC_1,2177
GATGATATCCAT_1,2859
AAGGTGAGATAA_1,1778
TTTGATAGTTGA_1,3475
AAACGATTTCAN_1,1717
GATCCTAACGTA_1,1636
GAACCTGAGGCA_1,1393
GAATAACACAGC_1,1483
GCATTTTCGGTN_1,1646
ATCACATCCAGG_1,2280
ATGAGCAGGCGT_1,1928
GAAAGCCCTCCN_1,1430
TCTGGCCTCCCG_1,2477
GCTCCAAGAAAN_1,1820
GTGCTTCTTTTG_1,2201
CAAAGATTAGTT_1,1671
TGCACGCAACCC_1,1653
GCCTAAAGAATT_1,1776
GGCAACATCCGA_1,1686
CATCGAATCTCA_1,1477
TTGAAAATTCCC_1,2049
GTCCCATCCTGG_1,2229
TCAACGTAAGTN_1,2011
ATGTGCCTATGG_1,1634
ATCGCGCATATN_1,2064
CTCGTGCAGGTT_1,1644
CTACGGCCCATN_1,1899
TCGAAACTCGTC_1,1723
ACGATCCGATTC_1,1426
AAGTCTTGGTTN_1,1966
CCCTGGCCCTTC_1,1171
GACAGGCCCACC_1,2116
AACATCCGCCCC_1,1968
CTCATCGTTCGG_1,1221
AGTCACGGTAAA_1,1850
AAGTAAGCAGCC_1,2025
CGAGTTTATCAG_1,1464
CCAGCCCTTAGT_1,1549
ACTGTGCCCTGA_1,2073
GTGCTTGAGCCA_1,1790
ACCGAGATGTTA_1,1669
GTTGCTATGTCG_1,1031
TACAGTTCGACA_1,2202
CCCCCGGACCGT_1,1901
GGTAACTCGTCG_1,1504
CCTTAGTGGTGT_1,2047
TTCATTGCTGCA_1,1999
CAGCACGTTGAT_1,1599
CACCCTGTACAT_1,1798
AGTGCGCGCGCC_1,2232
CCGCATCAACAT_1,1451
CAGGACAATAAG_1,1417
GGTTTGGGGTAC_1,1929
CCCAGTGTGCCT_1,1984
GGAGTTCGCATA_1,1041
CGCCTTTCGTGC_1,2611
CCGAGCGTCATC_1,1303
AAGCTCCCTGAT_1,1532
TGGCTAAGCGGA_1,1727
GCACAGCTCGCC_1,1441
CGTAATTCCATC_1,1879
CACTGAGATCAA_1,1953
CCGTCATATCCT_1,1609
CAATTCCTAGGT_1,1410
AAACGCCCTGTN_1,1797
TCTCCGTTTTTG_1,1089
CACAGTCGTGTT_1,1809
TGTCACCCCGAA_1,1531
TGAGCAGTTAGC_1,1905
ATGCGCAGTAGT_1,1801
TCCCAACCCCAG_1,2348
GTGGCGTACAAA_1,1489
AGGGTCACGCCC_1,2238
GCTAACTTCCTG_1,2080
TCGCCCCAGACG_1,1363
TGTTGTAAACCG_1,1771
TACGGGAATAGT_1,2094
ATATTCCCCACN_1,2047
CAGACACCTTGG_1,1603
GCGAGTTGTTGG_1,1487
GAATCGCTATAG_1,1618
CACAGGCGCTCG_1,2569
CATTGGCTTAGT_1,1741
CTGACGTAGACA_1,1154
GAGAAACGGTTA_1,1506
TTAACGTCAACN_1,1559
GGTTTGCTGGCA_1,1749
GGCTCCCGTTAG_1,1407
TCGTACAGCCGA_1,1737
AGGTAATAGGAN_1,2027
TGAGCGTAAGTT_1,1588
AATCGACTGACC_1,1763
GTCGTGCGTGCT_1,1304
ACCGGCTGGCTT_1,1547
CTCCTCGCACTC_1,1158
CACAGACCACAG_1,1518
GCCTGGCCGTAT_1,1637
ACAGATCAGTTC_1,2239
GGTTATCAGAGG_1,1630
GGTTCTTCGGCT_1,1942
GTCGGATCGCTA_1,1597
CCGCTGAGGATN_1,1149
CCCCGTTAGTAC_1,1492
TCTTTTAACACT_1,1763
TAACCGTTTTGT_1,1653
TATCAGGACGGT_1,1462
CCAGACTATGTC_1,1749
TAACGGTTCGAG_1,1637
GGGCTTTATACT_1,1931
GCTCCCGTTAGA_1,1244
CCTACTCGATAA_1,1506
TCGTTAGCAAGC_1,1154
CGTAATCAACGT_1,1010
GAGCTGGCCCCC_1,1841
GCTCATCGCCTC_1,1528
AACCTCCAAGCA_1,1356
CCCCTCTTATAG_1,2426
GTTTGTCGACTC_1,1324
CATGGACACCCG_1,1611
TCCAACGACGTG_1,1274
TAGTCCTCCGTA_1,1477
TCATCGCAGTGT_1,2337
AGTTAGTCTTGT_1,1693
AATTCGTCCTAG_1,1753
CAGTTTTGCAAT_1,1732
CCTTATTGTTAC_1,1708
GTAGAGTGTAGG_1,2121
TTTATCGCGAAC_1,1011
CCACTAAGTCAT_1,1403
TGAGCGGTTAGG_1,1209
GCCAATGACACG_1,1494
GGAGGATTTTAC_1,1590
AGAAGGTACATT_1,1378
TACTCGCCCAAT_1,1816
GTGTCTATATTG_1,1696
CTTCCAGTTTGA_1,1354
CGACATGTCGTC_1,1578
GGTCTTATGCAN_1,2046
TCCCGCAGCTCG_1,1268
GGTTTGCTCCCC_1,1422
CCTTATAGGGCA_1,1998
TCAGCTCGTTTT_1,1234
TCATCGCGCCTG_1,1168
TATCTATAGCCC_1,2605
TATAACTCGCGA_1,2188
ATTGACTACCGN_1,1406
CACCGCCCGACC_1,1333
CCAAATGTAGTC_1,1067
ACTACGAGGAGT_1,1133
GCAGGGGCTCTC_1,1745
CCTCACCGCCTC_1,1099
CCGTGCTGCCAA_1,1382
GTGTTGCCACGA_1,1446
TTCCTTGGAATT_1,2024
TGGGGTTGACGG_1,1942
CGTGCTTAGGTA_1,1260
CTTTGTCCTGGT_1,1385
AGCCTCAGTCTC_1,1446
AGTAGGTCAATA_1,1647
GTTAAACTACAC_1,2270
GGGTTCGACAAT_1,1620
AGTCGTCCCTTA_1,1857
GGTATCGTCCCT_1,1735
AAATCCAGGGGA_1,1224
ATACCCGGCATG_1,1547
CACGTGGGAGAC_1,1256
CAATTGAAGAGN_1,1237
CACTCCACTTCA_1,1182
TGCCCACTACTC_1,1595
TCAGTTCAGGCG_1,1524
ACGCATAAGTCT_1,1531
GTCTAGTCACAA_1,1397
ACCCGGTTCGTG_1,1172
CAAACCTATTCA_1,1535
AATACATTCGTA_1,1897
GGCAGTGAAGGC_1,1188
ACAAACCGCGAA_1,1179
CATGGGACATCG_1,1133
TTTCGCTTCACC_1,1299
AGCGTCTTTATT_1,2302
ACACACCACTTN_1,1378
CAGCCCCGAGAT_1,1570
TTTCTGGCTGCC_1,1459
ATCGAATCTAAT_1,1861
GCCGCAGTATTG_1,1363
ATAACTACCTGN_1,1281
GCTCATTCAGTG_1,1579
TCTTAAGCAGCN_1,2375
TAAGCACATTAC_1,1617
GTCATTGAAAAT_1,1378
CAATCTTAGATG_1,1071
GAAGATCACCTG_1,1348
AGCTAGAGCGCT_1,1359
CGAGGCGGGTTT_1,1076
GGTGAAAATCGG_1,1346
GCGCAACGTTAC_1,1225
CTTTCTTCCGCG_1,1462
GTGAACGTCCTC_1,1272
TCCAAATCCCCC_1,1777
GACAGCAGGTTG_1,1374
TTACAGGGAGCN_1,1369
GCAAGTCGTTTA_1,1385
CCGTGGTTTGTC_1,1322
CTCCACCAAGTA_1,1638
AACGTCCATCAA_1,1642
ACAGTAGGTCCA_1,1520
GTTCTCCTCCAT_1,1429
ATTAGAGTGGGG_1,1648
CGCCATACCCGA_1,1122
TTCACCCAGCCN_1,1529
AAGAGTACGGAC_1,1405
AAAATTTTCACC_1,1913
CTTGCAGTTAAT_1,1272
CAGCGATGATGG_1,1254
ACCCGTTGCGGN_1,1471
GGTGAACAGGAG_1,1640
AGACTGTATAGG_1,1711
TCGCTCGAACCT_1,1573
CACGCTTAACTG_1,1926
GATCTTTACACG_1,1196
CGCACGGTTAGA_1,1505
CTTGCCGACCTT_1,1097
GCTGGACATCTA_1,1273
GAACTGAACTGC_1,1213
AGGTCCTGCCGA_1,1183
CTAGGGATTACA_1,1669
GCCCAGGGTCTA_1,1396
AAAGACCGCGGN_1,1065
GTCGCCGACCCT_1,1283
TGAGCAAGCTTC_1,1410
CCAGCTAGCCCA_1,1027
CTTTGATCCCCT_1,1570
GTAAAGCACCAC_1,1529
ACGAAGAACTAA_1,1226
TTCCTGAACCGC_1,1289
GCAGCTGCCAGA_1,1248
TGTCTGCCCAAC_1,1891
CCCGGATCCCGG_1,1016
AAGGCCACGCCA_1,1163
GACCTTCCACAA_1,1482
GTTGCAACTAGT_1,1254
CTTGAGTTTGGA_1,1275
GAGAGTAGTTTT_1,1003
GGCAATACGAAG_1,1338
ATCCGGCCACGA_1,1191
CCGTACGCGTAG_1,1195
GAACATGGCAAN_1,1327
CGTAAAGTACAG_1,1164
TGAAGGTCATTT_1,1261
GGAAGGTGATGC_1,1733
GGCAGCCCGCAA_1,1614
ACGCGCATATAN_1,1565
CCGATTGTAGAA_1,1423
TTCACTTGCCGN_1,1317
TACAGTCGGCGC_1,1090
CGAGGCTTGCGT_1,1503
CGGTGTAGTGAC_1,1156
GCTGAGGGGCGG_1,1246
GGACAAATGAAN_1,1125
AATGTACCGATA_1,1277
CAGGTTGGATCG_1,1219
AGGAGGCTTCAT_1,1410
AGGGTCTCTTCA_1,1676
GAATAACACACN_1,1047
ACCCTAGCTACA_1,1610
GGCTGTTGTTCT_1,1662
AGATTATAACTG_1,1308
GCCCTGTTCTAA_1,1379
GCCATGTCACAA_1,1268
TAGACTATGAGT_1,1565
CTTTATATATGC_1,1204
CCTAATGAAACT_1,1216
TCAGCAAAGATN_1,1307
ACCCGAAGTAGA_1,1309
GTTCCAGGCGCC_1,1131
GTCGGTCTATTT_1,1356
CCCGTGCAAGTA_1,1198
ACCAGTACCCGC_1,1513
TATCTTGGGTTA_1,1197
GTCAAAGGTAGC_1,1307
GTTCCGGGTACC_1,1202
CTCTTCCATGAT_1,1113
CACCCCGTTCAC_1,1302
TTCCGCTGTATN_1,1173
AAGTCGCCAGGN_1,1240
ACAGCCTTTACG_1,1433
TTACTATTCCAT_1,1444
TAGATGTAGGAC_1,1313
ACCGACGGTTCA_1,1096
AGTTTGTTTTAG_1,1461
AAAGCACGTTTG_1,1340
GACTAATCTGGA_1,1237
GTGCCATAGTGA_1,1214
CGTAGGGCCTAT_1,1364
CGTCAATAGAGG_1,1361
AGCCGCGATGCA_1,1008
TCATCCCGGACN_1,1100
ACTTTTCCATAC_1,2301
TGTTGCAGCCCA_1,1433
TTTTTTCCGCTG_1,1488
ATTTCTAGAATC_1,1811
GCGCGCAGAAAT_1,1080
CAAGTTTAAGAT_1,1293
CCGACCACGACG_1,1500
CGCAAACGGAGG_1,1063
ATAGCAGGCACC_1,1090
CGCCCACTCAAC_1,1117
TTTGGGAGTCGN_1,1072
AGGAGTGGAACA_1,1543
ATACCACCCTAC_1,1655
AAGCAAGCACGG_1,1298
CCATCGAAAACC_1,1144
TACGAACCTATA_1,1136
TGCGGTCCGATC_1,1632
ATCTCAATTAGT_1,1377
GCTATTAAAGCG_1,1169
AGTTACTCTAGC_1,1170
GAATTTAGAACA_1,1003
TAATACTTGATT_1,1725
ATATGGTCGTGG_1,1692
ACTTGCGCTCTG_1,1212
AGATAATTCACN_1,1734
GCGATCAGGGTG_1,1017
TGTCTGCAAGTG_1,1088
AGCGTTGATCTT_1,1348
GGAGCCCCCCTC_1,1076
GCAGAAGCCATC_1,1242
CTTTATAGTAAA_1,1491
ACTTGCATCATG_1,1081
TCACAATACAAC_1,1495
TAAACTGACCTN_1,1814
AGATCGTATTGC_1,1200
GACCGTTCGCGT_1,1006
GGCGCACGGCTG_1,1447
AGGCTCCTACCT_1,1592
AGCAGAAGTGTC_1,1004
ATGGGAGAGCAA_1,1076
CCGACCTGAACN_1,1047
GGTGGATCTTAC_1,1379
GGCCATGCTGTN_1,1146
TCACCCTTTGCN_1,1504
GGCCGAGAGTGG_1,1004
GATGTATCCACC_1,1218
ACCCGTCATCAN_1,1284
GTTCACCTTATG_1,1031
TAATGTAGGCAT_1,1589
TGGCGGAGATGT_1,1440
CGTCCAGCACGC_1,1338
TAACGAGAGCTC_1,1093
AGTCGGGTGGCA_1,1193
CATATCTAGGGT_1,1098
GAATGAATGCGT_1,1000
CGCCGTGAGCGC_1,1088
CGATGTAATATT_1,1523
AGCATCTATATC_1,1501
ATACGTAGCACG_1,1101
ACCCGTCTATGG_1,1210
CTTTGGATCACC_1,1672
AAGGCAACTATG_1,1053
CACAATCACGCT_1,1133
GCTGGCGAACCA_1,1009
GGGTAGAAGGCG_1,1069
CCAATGACAACA_1,1052
AGACTGTATAGN_1,1264
GTGAGCTCATAA_1,1222
AACTTTTCACAT_1,1757
GTTAAAGATACA_1,1339
ATAGGGAGATCT_1,1191
ACCTTGCACAAT_1,1257
GCCCGAATAGCG_1,1156
AAGAAGCTACTN_1,1187
AAATCTCCTGTT_1,1167
AGTTAGCGTGAA_1,1221
GTACCCCCTGGC_1,1269
AACGGTTCCTTG_1,1599
CCAGTGTTGGAA_1,1182
GCGGAGCAAGGA_1,1130
AACTGTTACGCC_1,1321
ACATTGCTATTT_1,1030
CCCGTGTGGATG_1,1227
TACCGAACCGAT_1,1226
TGAGGCCTACTT_1,1084
AGTCGAGTGCGC_1,1256
ATTTACTTGTCN_1,1402
TGCGCCGATGAC_1,1023
GCGAATCGGCGA_1,1124
TTTATCATCTAT_1,1572
TAAGATATAGCN_1,1437
CAGTCTGATATG_1,1373
GGTCAGACACCN_1,1183
GTCTTGACCGTT_1,1184
CCGACGTGGCGC_1,1113
GTACGCGCGTCC_1,1246
CCCACGGTCTTN_1,1249
TCAGGTCAGGCT_1,1024
CGGGTGGGATTT_1,1080
AGAGCCTCCTAN_1,1001
TAGCGCCCGGGG_1,1070
GCGGCCTTTTAG_1,1063
CATTACATTGCC_1,1227
ATCCGTTAGCAG_1,1068
GAATGGTCAAAN_1,1310
CTTGTGCGCCGA_1,1157
AGGCCACAGTTC_1,1117
ATGGAAATTATN_1,1318
GTAAATTCCAGT_1,1175
AAAATGCCCTTC_1,1204
CTTCCCACGTTN_1,1375
ACGGGCCGTGTT_1,1002
AGCAGGCCGTCT_1,1092
TTACCACCAAGA_1,1170
AGTAGAGCTTTT_1,1288
CGGTCGCCTCGT_1,1056
GCTGAGCGCCTC_1,1079
CGTTTATTTTAG_1,1512
TTGGAAAAGTTA_1,1105
AGTTCACCTTTA_1,1284
GGCTATCCATTA_1,1210
AACGGGAGGCGG_1,1067
CCAACGCAACCA_1,1328
GAGGTTAAACTG_1,1133
TAGGCAACTCTT_1,1175
GTGATTTCGATA_1,1434
AGCGTGGCTCTT_1,1020
GGCCCGGACCTN_1,1116
AACACCGAGTCT_1,1014
CGTACGGGTTCA_1,1038
TGGTATCCTGCC_1,1024
CTGATAGCTAAC_1,1424
ATTGTCTCGCAA_1,1135
CATCTATAAGCA_1,1023
ACAAGGCTTCGN_1,1185
ATTTACAACAGA_1,1096
CGGTTTCTTTGC_1,1029
AACCCTCTAACN_1,1543
CCGGTTTAGTGA_1,1257
TTACTGCAGGCC_1,1233
AATTATTCATAA_1,1480
AGACAGAGGTGT_1,1376
AACTTTAATAGN_1,1182
TTTAAGTCGACT_1,1006
TAGTCATGACGG_1,1371
TCATTCTGGTTT_1,1216
AACTAGAATGGC_1,1039
GAGGCCCGTGAN_1,1058
ACCCGAGGCTTC_1,1051
ACCCACGGCCTA_1,1033
TCCCGCTGCTTG_1,1159
TATCACTCTAGG_1,1029
CGGACCTCAGCG_1,1024
GAGTTCTAGCAG_1,1147
TGACCATAGCCC_1,1246
TTTTGCAGCCCC_1,1202
GTTAGCTACCCN_1,1112
GAAGCTCTATCT_1,1105
CAAACCGCCCGG_1,1206
GGTGGCACTATC_1,1275
ACTTGCTAGTGG_1,1096
TCACACCGCGCC_1,1032
CAGCATACGACN_1,1058
TGGTTCAACCCT_1,1079
TCCATGAGACCA_1,1051
TGGGCCCTCTAA_1,1229
TGTCTTATTTCT_1,1413
GGACGCGTATTA_1,1033
TATAGACAATCN_1,1010
ATACCCTAATGA_1,1273
TTTGTAATTGTC_1,1091
ACGCAATTGCCA_1,1042
CCCCCTCGGTGC_1,1021
CAATAGCATAAC_1,1111
AAGCCCATACTN_1,1011
AGTAAACTTACT_1,1064
ATAAGCGTCCCA_1,1065
TTACATAAGACA_1,1058
CCTCTTCGAGTG_1,1192
AGGCCTAGTTCT_1,1075
ACAGATCCGGTC_1,1064
ATAAAGTCGCCA_1,1135
TACATTTGTTCA_1,1573
TTAATTATAATC_1,1178
TGAACTATTACA_1,1231
ATATCCACTCCA_1,1099
TCTTTGTACATN_1,1267
AGCGTATAGTTT_1,1021
CTTATGAGATTG_1,1014
TAAATATTTTCT_1,1094
TGCGGCTGTGTG_1,1002
TATAAACCATGA_1,1110
TTATGATACAGN_1,1365
ATTTGAACAACC_1,1063
TTACATGCATTA_1,1062
AAAGTAGATATG_1,1125
TCTTTTGGACCC_1,1051
AACCCCGCCTTC_1,1750
GCCAGATGTCTT_1,2499
GGTCGCCATGAG_1,2070
GGCGAAGAACTC_1,1330
GTTCTCACACGT_1,1780
GGCTATTGACAC_1,1140
GTCGCCTTGTAT_1,1200
GAAGCCGAGCCA_1,1229
GGTCTTACTGTT_1,1346
